-- MySQL dump 10.13  Distrib 8.0.42, for macos15 (x86_64)
--
-- Host: localhost    Database: airchive
-- ------------------------------------------------------
-- Server version	8.0.42

/*!40101 SET @OLD_CHARACTER_SET_CLIENT=@@CHARACTER_SET_CLIENT */;
/*!40101 SET @OLD_CHARACTER_SET_RESULTS=@@CHARACTER_SET_RESULTS */;
/*!40101 SET @OLD_COLLATION_CONNECTION=@@COLLATION_CONNECTION */;
/*!50503 SET NAMES utf8 */;
/*!40103 SET @OLD_TIME_ZONE=@@TIME_ZONE */;
/*!40103 SET TIME_ZONE='+00:00' */;
/*!40014 SET @OLD_UNIQUE_CHECKS=@@UNIQUE_CHECKS, UNIQUE_CHECKS=0 */;
/*!40014 SET @OLD_FOREIGN_KEY_CHECKS=@@FOREIGN_KEY_CHECKS, FOREIGN_KEY_CHECKS=0 */;
/*!40101 SET @OLD_SQL_MODE=@@SQL_MODE, SQL_MODE='NO_AUTO_VALUE_ON_ZERO' */;
/*!40111 SET @OLD_SQL_NOTES=@@SQL_NOTES, SQL_NOTES=0 */;

--
-- Table structure for table `account`
--

DROP TABLE IF EXISTS `account`;
/*!40101 SET @saved_cs_client     = @@character_set_client */;
/*!50503 SET character_set_client = utf8mb4 */;
CREATE TABLE `account` (
  `account_id` int NOT NULL AUTO_INCREMENT,
  `person_id` int NOT NULL,
  `email` varchar(75) NOT NULL,
  `username` varchar(20) NOT NULL,
  `password_hash` varchar(255) DEFAULT NULL,
  `role` enum('READER','AUTHOR') NOT NULL DEFAULT 'READER',
  `is_admin` tinyint(1) NOT NULL DEFAULT '0',
  `created_at` datetime NOT NULL DEFAULT CURRENT_TIMESTAMP,
  PRIMARY KEY (`account_id`),
  UNIQUE KEY `person_id` (`person_id`),
  UNIQUE KEY `email` (`email`),
  UNIQUE KEY `username` (`username`),
  CONSTRAINT `account_ibfk_1` FOREIGN KEY (`person_id`) REFERENCES `person` (`person_id`) ON DELETE CASCADE
) ENGINE=InnoDB AUTO_INCREMENT=32 DEFAULT CHARSET=utf8mb4 COLLATE=utf8mb4_0900_ai_ci;
/*!40101 SET character_set_client = @saved_cs_client */;

--
-- Dumping data for table `account`
--

LOCK TABLES `account` WRITE;
/*!40000 ALTER TABLE `account` DISABLE KEYS */;
INSERT INTO `account` VALUES (1,1,'aekn.admal@gmail.com','aeknadmal','$2a$12$OFdLM4DNROCzRFm2fiFjvuIM99q/jTjcxtHn07kyjKK9YyidfiJle','AUTHOR',1,'2025-08-01 15:18:16'),(2,2,'1aekn.admal@gmail.com',' aeknadmal','$2a$12$i7bJgYbJ8CzXFkgEdbRWFemCvDxQaiSbF2KZ9Nh1/oCfrWS5RV9sy','READER',0,'2025-08-01 15:19:36'),(3,3,'1234@gmail.com','aeknadmal1234','$2a$12$aFVOzWsCBWxrc53LoGETJexC9omD1nQmmVoJkQYOAw7xRPTb2BGVm','READER',0,'2025-08-01 15:25:03'),(4,4,'anotheremail@gmail.com','anotherguy','$2a$12$8oqpGGp4rrZL8rm5zuPf5eXB/Bd/S5sGptxUuzZ7vr38lB.Q.ZKZi','READER',0,'2025-08-01 19:50:05'),(5,5,'user2@gmail.com','user2','$2a$12$hGg4s0q1/hdG0UENqDJHouSs4BRbKN1MLzQMv.S5IE5xwvbopKpCW','READER',0,'2025-08-02 22:47:28'),(6,6,'user3@gmail.com','user3','$2a$12$NlBGzE9TGEtNDhieR/jaOOlgLgINyG9dKtSNAf/8usfqdqvNhUo22','AUTHOR',0,'2025-08-02 22:48:40'),(7,7,'user4@gmail.com','user4','$2a$12$rptzJi4VyacbC4MjsStzV.5nMhcN9JJqo3cZGGkKpRL6D/CaPeOtq','AUTHOR',0,'2025-08-02 22:51:21'),(8,8,'thing2@gmail.com','thing2','$2a$12$9ptG.80.kAaOYGTnoky8OeDYREL.g8nNoHFjYk3HACavlNNyJtuQi','READER',0,'2025-08-02 22:57:01'),(9,9,'thing3@gmail.com','thing3','$2a$12$4cQ94ufdnUE2SEc9kWxmh.uq9cTxAvUE2FQQxdmUIriUarVMqn6DG','READER',0,'2025-08-02 23:14:10'),(10,14,'newdude@gmail.com','newdude','$2a$12$0017u5uYLPCAKrUrCsEH/.DZF/ZTuAk60BliLPlBYC/LhJHekcZLS','AUTHOR',0,'2025-08-03 17:23:33'),(11,19,'thing10@gmail.com','thing10','$2a$12$qUdbfJDgEsyp8hsiq2uv..lVrC7hmQOJgk85JgmyXMfQ3rtDEP6BC','READER',0,'2025-08-03 19:32:01'),(12,20,'tenthdude@gmail.com','tenthdude','$2a$12$iJHtIc3fFVrYHsyvKonKZua6K0QCkFW1Yq760aWs7.U44tss8Vgp.','READER',0,'2025-08-03 22:47:24'),(13,21,'ben10@gmail.com','ben10','$2a$12$oRBwnSwJ3wfBlsYcN4p6D.KIC8/SgehBVQk/nND99s5Kf42PDXZxm','READER',0,'2025-08-04 00:19:04'),(14,22,'tommylee@gmail.com','mcrue','$2a$12$zC0/Z.ZXs7LKFuCHSjuuZ.CvwohB7IB0f2a.Rw.fAHrkenddSjQ/u','AUTHOR',0,'2025-08-04 00:54:26'),(15,23,'asdf@gmail.com','asdfasdf','$2a$12$bvfFCyt1IzKpzQqLwjdQjO2nS/8h7bhD/HyMXA4fmcwfSPu1oo20.','AUTHOR',0,'2025-08-04 19:22:47'),(16,24,'asdfsdlkjf@gmail.com','asdfasdfsadf','$2a$12$YYvxI8F0APlc2XqvZ3zTl.OkruqHa9ectTOh.NlzD0Bda2k2sbBY2','AUTHOR',0,'2025-08-04 19:27:42'),(17,25,'admin@gmail.com','admin','$2a$12$wp7xtlmfUkwQI6xrZIv2/.EdB0RUZBBXFkfoziQtK7SL.9cSH/kbC','AUTHOR',1,'2025-08-04 19:29:07'),(18,26,'publisher2@airchive.com','publisher2','$2a$12$XDomxTHIJnI47vg7xAXhj.Lr5JzrY/XXOqhsNkfj7g3FRR.7bgpse','AUTHOR',0,'2025-08-05 03:18:20'),(19,39,'user200@gmail.com','user200','$2a$12$w3lkXgRZLednyWU1cto/eOwUfdPwKAE22/8Ykc9/i5HMnryQr/txW','READER',0,'2025-08-05 04:31:34'),(20,48,'12341234@gmail.com','123412341234','$2a$12$BOPm1O0Cs/REW9PWOzzx5eRnGSiZJQUsYlfmbrPXzHbNXmE/Z7I8C','READER',0,'2025-08-05 05:51:14'),(21,49,'assd@gmail.com','asd','$2a$12$J73aSJ1iBc/g0kpVOFnoUOYbX4xEspGGaFn5x57YFDitrRUdavPi6','AUTHOR',0,'2025-08-05 11:59:31'),(22,50,'ash@gmail.com','ashash','$2a$12$swtEVJ5PNwNBjaw9bDlpaO72VMlsy6EWDy5bEm9y264Fv37SLsX62','READER',0,'2025-08-05 12:15:08'),(23,51,'newuser@gmail.com','newuser111','$2a$12$pdqlCtyt38V9Cd.VAwsFDON.892giQgdoAST/EziSwqirTMFmS42e','READER',0,'2025-08-05 13:09:14'),(24,52,'user@gmail.com','user','$2a$12$ziElWJyutUXOVVeCnfAC..Y1PkuRq4pnU6OIslYslem64UoqLpYYe','READER',0,'2025-08-05 13:25:23'),(25,53,'newuse2222r@gmail.com','newuser2222','$2a$12$sejTg0rNd19aio7LMyStq.xnhlrI/Ue6G8PSV.HPxUoaugrqIyN2i','AUTHOR',0,'2025-08-05 13:29:04'),(26,54,'newuse234234234234@gmail.com','newuser15','$2a$12$zOfs9LjH5imCf2k62/VLCug2n/TgZVyuIhWGvkyvMnxjR4EsPBAoq','READER',0,'2025-08-05 13:31:42'),(27,56,'ozzyluvsai@gmail.com','ozzyluvsai','$2a$12$SPsPTiSj0BfnSY10bf/.HuWyjFQ.5bJPQD8GffZRCE4R9ZkVUxicq','READER',0,'2025-08-05 22:32:37'),(28,57,'whatwouldwaylondo@gmail.com','whatwouldwaylondo','$2a$12$PwXDAEMNZcf1HzZGodafIOuQ8k/QF/FRltzm8U86ip7NHGi.SwxXu','READER',0,'2025-08-08 20:32:22'),(29,58,'blabla2@gmail.com','blabla2','$2a$12$EbsaEGuUWiY6wfZqPZFcGu/1ghush/f9mfL3qFLYisxMNHeQo0m.K','READER',0,'2025-08-09 05:10:39'),(30,59,'newaccount@gmail.com','newaccount','$2a$12$fZ6Ug0lywrhRyosqtX6Ggubdh17dPiXTyF/grGSXWgFrtFbYtxoKe','READER',0,'2025-08-09 19:26:47'),(31,60,'finalreporttest@gmail.com','finalreporttest','$2a$12$BmkVkUlcB7VasiSVj9Jtjuq1a/rKFdIAYm/mThFR3qCRuRHaRVjsi','AUTHOR',0,'2025-08-09 21:15:25');
/*!40000 ALTER TABLE `account` ENABLE KEYS */;
UNLOCK TABLES;

--
-- Table structure for table `author_affinity`
--

DROP TABLE IF EXISTS `author_affinity`;
/*!40101 SET @saved_cs_client     = @@character_set_client */;
/*!50503 SET character_set_client = utf8mb4 */;
CREATE TABLE `author_affinity` (
  `account_id` int NOT NULL,
  `author_id` int NOT NULL,
  `score` double NOT NULL DEFAULT '0',
  `last_updated` datetime NOT NULL DEFAULT CURRENT_TIMESTAMP ON UPDATE CURRENT_TIMESTAMP,
  PRIMARY KEY (`account_id`,`author_id`),
  KEY `author_id` (`author_id`),
  CONSTRAINT `author_affinity_ibfk_1` FOREIGN KEY (`account_id`) REFERENCES `account` (`account_id`) ON DELETE CASCADE,
  CONSTRAINT `author_affinity_ibfk_2` FOREIGN KEY (`author_id`) REFERENCES `person` (`person_id`) ON DELETE CASCADE
) ENGINE=InnoDB DEFAULT CHARSET=utf8mb4 COLLATE=utf8mb4_0900_ai_ci;
/*!40101 SET character_set_client = @saved_cs_client */;

--
-- Dumping data for table `author_affinity`
--

LOCK TABLES `author_affinity` WRITE;
/*!40000 ALTER TABLE `author_affinity` DISABLE KEYS */;
INSERT INTO `author_affinity` VALUES (1,1,19.747519749730223,'2025-08-09 22:27:29'),(1,11,9.065708671331395,'2025-08-09 22:27:29'),(1,12,5.8950383300340325,'2025-08-09 22:27:29'),(1,13,5.8950383300340325,'2025-08-09 22:27:29'),(1,15,5.612391863082558,'2025-08-09 22:27:29'),(1,16,5.612391863082558,'2025-08-09 22:27:29'),(1,17,12.64009557643064,'2025-08-09 22:27:29'),(1,18,12.64009557643064,'2025-08-09 22:27:29'),(1,31,0.8769391190204201,'2025-08-09 22:27:29'),(1,35,0.8769391190204201,'2025-08-09 22:27:29'),(1,36,0.8769391190204201,'2025-08-09 22:27:29'),(1,44,2.0179347866728956,'2025-08-09 22:27:29'),(1,45,2.0179347866728956,'2025-08-09 22:27:29'),(1,46,2.0179347866728956,'2025-08-09 22:27:29'),(1,47,4.8609959101166975,'2025-08-09 22:27:29'),(5,1,0.36327628280455104,'2025-08-05 04:16:53'),(5,11,3.320590194357462,'2025-08-05 04:18:48'),(5,12,0.36327628280455104,'2025-08-05 04:16:53'),(5,13,0.36327628280455104,'2025-08-05 04:16:53'),(5,15,2.4617705830723855,'2025-08-05 04:17:47'),(5,16,2.4617705830723855,'2025-08-05 04:17:47'),(5,17,1.6411803887149237,'2025-08-05 04:18:03'),(5,18,1.6411803887149237,'2025-08-05 04:18:03'),(5,27,0.5,'2025-08-05 04:18:10'),(5,28,0.5,'2025-08-05 04:18:10'),(5,29,0.5,'2025-08-05 04:18:10'),(5,30,0.5,'2025-08-05 04:18:10'),(5,31,3,'2025-08-05 04:18:32'),(5,32,3,'2025-08-05 04:18:32'),(5,33,0.5,'2025-08-05 04:18:10'),(5,34,0.5,'2025-08-05 04:18:10'),(5,35,2.5,'2025-08-05 04:18:32'),(5,36,2.5,'2025-08-05 04:18:32'),(5,37,1.5,'2025-08-05 04:18:08'),(5,38,1.5,'2025-08-05 04:18:08'),(10,11,0.5,'2025-08-03 17:25:22'),(11,1,0.5,'2025-08-03 19:32:15'),(11,11,1,'2025-08-03 19:34:19'),(11,15,1,'2025-08-03 19:34:18'),(11,16,1,'2025-08-03 19:34:18'),(11,17,2.5,'2025-08-03 19:35:48'),(11,18,2.5,'2025-08-03 19:35:48'),(12,11,0.5,'2025-08-03 22:47:29'),(12,15,0.5,'2025-08-03 22:47:27'),(12,16,0.5,'2025-08-03 22:47:27'),(12,17,0.5,'2025-08-03 22:47:31'),(12,18,0.5,'2025-08-03 22:47:31'),(13,1,3.5,'2025-08-04 00:41:59'),(13,11,7.5,'2025-08-04 00:41:59'),(13,12,3.5,'2025-08-04 00:41:59'),(13,13,3.5,'2025-08-04 00:41:59'),(13,15,5,'2025-08-04 00:42:02'),(13,16,5,'2025-08-04 00:42:02'),(13,17,6.5,'2025-08-04 00:41:59'),(13,18,6.5,'2025-08-04 00:41:59'),(14,1,16.495451008358827,'2025-08-04 21:38:14'),(14,11,3.4557254531396597,'2025-08-04 21:38:18'),(14,12,6.128040897565766,'2025-08-04 21:38:14'),(14,13,6.128040897565766,'2025-08-04 21:38:14'),(14,15,1.9540617404307303,'2025-08-04 21:36:04'),(14,16,1.9540617404307303,'2025-08-04 21:36:04'),(14,17,7.068844020455944,'2025-08-04 21:38:12'),(14,18,7.068844020455944,'2025-08-04 21:38:12'),(15,17,0.5,'2025-08-04 19:23:25'),(15,18,0.5,'2025-08-04 19:23:25'),(16,1,4,'2025-08-04 19:28:04'),(17,11,1.890085267001529,'2025-08-09 22:07:37'),(17,27,2.0186285273873197,'2025-08-09 22:07:37'),(17,28,2.0186285273873197,'2025-08-09 22:07:37'),(17,29,2.0186285273873197,'2025-08-09 22:07:37'),(17,30,2.0186285273873197,'2025-08-09 22:07:37'),(17,31,2.0186285273873197,'2025-08-09 22:07:37'),(17,32,2.0186285273873197,'2025-08-09 22:07:37'),(17,33,2.0186285273873197,'2025-08-09 22:07:37'),(17,34,2.0186285273873197,'2025-08-09 22:07:37'),(17,40,1.9941656646105717,'2025-08-09 22:07:37'),(17,41,1.9941656646105717,'2025-08-09 22:07:37'),(17,42,1.9941656646105717,'2025-08-09 22:07:37'),(17,43,1.9941656646105717,'2025-08-09 22:07:37'),(17,44,1.890085267001529,'2025-08-09 22:07:37'),(17,45,1.890085267001529,'2025-08-09 22:07:37'),(18,1,6.691179881255852,'2025-08-08 20:00:41'),(18,11,2.213720951660556,'2025-08-08 19:57:43'),(18,27,2.4665803641085957,'2025-08-08 19:58:10'),(18,28,2.4665803641085957,'2025-08-08 19:58:10'),(18,29,2.4665803641085957,'2025-08-08 19:58:10'),(18,30,2.4665803641085957,'2025-08-08 19:58:10'),(18,31,6.043923787328488,'2025-08-08 19:59:08'),(18,32,6.043923787328488,'2025-08-08 19:59:08'),(18,33,2.4665803641085957,'2025-08-08 19:58:10'),(18,34,2.4665803641085957,'2025-08-08 19:58:10'),(18,35,3.5773434232198924,'2025-08-08 19:59:08'),(18,36,3.5773434232198924,'2025-08-08 19:59:08'),(18,40,1,'2025-08-08 19:58:23'),(18,41,1,'2025-08-08 19:58:23'),(18,42,1,'2025-08-08 19:58:23'),(18,43,1,'2025-08-08 19:58:23'),(18,44,1.8503923230183483,'2025-08-08 19:57:56'),(18,45,1.8503923230183483,'2025-08-08 19:57:56'),(18,46,0.5,'2025-08-08 19:57:56'),(18,47,2.4976509274553855,'2025-08-08 20:00:08'),(18,55,0.5,'2025-08-08 20:00:12'),(19,1,2.5,'2025-08-05 04:33:00'),(19,12,2.5,'2025-08-05 04:33:00'),(19,13,2.5,'2025-08-05 04:33:00'),(19,27,3,'2025-08-05 04:33:26'),(19,28,3,'2025-08-05 04:33:26'),(19,29,3,'2025-08-05 04:33:26'),(19,30,3,'2025-08-05 04:33:26'),(19,31,3,'2025-08-05 04:33:26'),(19,32,3,'2025-08-05 04:33:26'),(19,33,3,'2025-08-05 04:33:26'),(19,34,3,'2025-08-05 04:33:26'),(19,37,0.5,'2025-08-05 04:33:00'),(19,38,0.5,'2025-08-05 04:33:00'),(20,1,0.5,'2025-08-05 05:51:59'),(20,31,1,'2025-08-05 05:51:44'),(20,32,1,'2025-08-05 05:51:44'),(20,35,1,'2025-08-05 05:51:44'),(20,36,1,'2025-08-05 05:51:44'),(20,47,0.5,'2025-08-05 05:51:57'),(21,17,3.5,'2025-08-05 12:00:38'),(21,18,3.5,'2025-08-05 12:00:38'),(23,27,2.5,'2025-08-05 13:09:59'),(23,28,2.5,'2025-08-05 13:09:59'),(23,29,2.5,'2025-08-05 13:09:59'),(23,30,2.5,'2025-08-05 13:09:59'),(23,31,2.5,'2025-08-05 13:09:59'),(23,32,2.5,'2025-08-05 13:09:59'),(23,33,2.5,'2025-08-05 13:09:59'),(23,34,2.5,'2025-08-05 13:09:59'),(23,37,2.5,'2025-08-05 13:10:35'),(23,38,2.5,'2025-08-05 13:10:35'),(23,44,4,'2025-08-05 13:10:25'),(23,45,4,'2025-08-05 13:10:25'),(23,46,4,'2025-08-05 13:10:25'),(24,1,3.5,'2025-08-05 13:26:09'),(24,17,3.5,'2025-08-05 13:26:22'),(24,18,3.5,'2025-08-05 13:26:22'),(25,1,0.5,'2025-08-05 13:30:36'),(25,31,3,'2025-08-05 13:30:10'),(25,32,3,'2025-08-05 13:30:10'),(25,35,3,'2025-08-05 13:30:10'),(25,36,3,'2025-08-05 13:30:10'),(27,1,6,'2025-08-05 23:00:50'),(27,11,2.5,'2025-08-05 23:00:57'),(27,15,6,'2025-08-05 23:00:46'),(27,16,6,'2025-08-05 23:00:46'),(27,27,2.5,'2025-08-05 23:00:10'),(27,28,2.5,'2025-08-05 23:00:10'),(27,29,2.5,'2025-08-05 23:00:10'),(27,30,2.5,'2025-08-05 23:00:10'),(27,31,2.5,'2025-08-05 23:00:10'),(27,32,2.5,'2025-08-05 23:00:10'),(27,33,2.5,'2025-08-05 23:00:10'),(27,34,2.5,'2025-08-05 23:00:10'),(27,37,6,'2025-08-05 23:00:54'),(27,38,6,'2025-08-05 23:00:54'),(27,40,6.5,'2025-08-05 23:00:10'),(27,41,6.5,'2025-08-05 23:00:10'),(27,42,6.5,'2025-08-05 23:00:10'),(27,43,6.5,'2025-08-05 23:00:10'),(27,47,11,'2025-08-05 23:00:10'),(27,55,6,'2025-08-05 23:00:50'),(28,1,3,'2025-08-08 20:34:33'),(28,12,0.5,'2025-08-08 20:34:33'),(28,13,0.5,'2025-08-08 20:34:33'),(28,40,2.5,'2025-08-08 20:33:48'),(28,41,2.5,'2025-08-08 20:33:48'),(28,42,2.5,'2025-08-08 20:33:48'),(28,43,2.5,'2025-08-08 20:33:48'),(28,55,2.5,'2025-08-08 20:32:56'),(29,44,2.5,'2025-08-09 05:11:09'),(29,45,2.5,'2025-08-09 05:11:09'),(29,46,2.5,'2025-08-09 05:11:09'),(29,47,5,'2025-08-09 05:13:09'),(30,11,3,'2025-08-09 19:27:42'),(31,1,2.5,'2025-08-09 22:25:02'),(31,12,2.5,'2025-08-09 22:25:02'),(31,13,2.5,'2025-08-09 22:25:02'),(31,17,3,'2025-08-09 22:25:02'),(31,18,3,'2025-08-09 22:25:02'),(31,31,2.5,'2025-08-09 22:08:54'),(31,32,2.5,'2025-08-09 22:08:54'),(31,35,2.5,'2025-08-09 22:08:54'),(31,36,2.5,'2025-08-09 22:08:54'),(31,40,6,'2025-08-09 22:08:54'),(31,41,6,'2025-08-09 22:08:54'),(31,42,6,'2025-08-09 22:08:54'),(31,43,6,'2025-08-09 22:08:54'),(31,47,3.5,'2025-08-09 22:08:54'),(31,61,3,'2025-08-09 22:25:01'),(31,62,3,'2025-08-09 22:25:01');
/*!40000 ALTER TABLE `author_affinity` ENABLE KEYS */;
UNLOCK TABLES;

--
-- Table structure for table `author_request`
--

DROP TABLE IF EXISTS `author_request`;
/*!40101 SET @saved_cs_client     = @@character_set_client */;
/*!50503 SET character_set_client = utf8mb4 */;
CREATE TABLE `author_request` (
  `account_id` int NOT NULL,
  `status` enum('PENDING','APPROVED') NOT NULL DEFAULT 'PENDING',
  `requested_at` datetime NOT NULL DEFAULT CURRENT_TIMESTAMP,
  PRIMARY KEY (`account_id`),
  CONSTRAINT `author_request_ibfk_1` FOREIGN KEY (`account_id`) REFERENCES `account` (`account_id`) ON DELETE CASCADE
) ENGINE=InnoDB DEFAULT CHARSET=utf8mb4 COLLATE=utf8mb4_0900_ai_ci;
/*!40101 SET character_set_client = @saved_cs_client */;

--
-- Dumping data for table `author_request`
--

LOCK TABLES `author_request` WRITE;
/*!40000 ALTER TABLE `author_request` DISABLE KEYS */;
INSERT INTO `author_request` VALUES (1,'APPROVED','2025-08-01 17:01:04'),(5,'PENDING','2025-08-02 22:47:32'),(6,'APPROVED','2025-08-02 22:48:59'),(7,'APPROVED','2025-08-02 22:51:26'),(8,'PENDING','2025-08-02 22:57:09'),(9,'PENDING','2025-08-02 23:14:56'),(10,'APPROVED','2025-08-03 17:24:02'),(14,'APPROVED','2025-08-04 07:04:02'),(15,'APPROVED','2025-08-04 19:23:40'),(16,'APPROVED','2025-08-04 19:28:30'),(17,'APPROVED','2025-08-05 03:52:38'),(18,'APPROVED','2025-08-05 03:57:33'),(21,'APPROVED','2025-08-05 12:00:00'),(22,'PENDING','2025-08-05 12:15:12'),(24,'PENDING','2025-08-05 13:26:40'),(25,'APPROVED','2025-08-05 13:30:58'),(29,'PENDING','2025-08-09 05:13:33'),(31,'APPROVED','2025-08-09 22:06:31');
/*!40000 ALTER TABLE `author_request` ENABLE KEYS */;
UNLOCK TABLES;

--
-- Table structure for table `collection`
--

DROP TABLE IF EXISTS `collection`;
/*!40101 SET @saved_cs_client     = @@character_set_client */;
/*!50503 SET character_set_client = utf8mb4 */;
CREATE TABLE `collection` (
  `collection_id` int NOT NULL AUTO_INCREMENT,
  `account_id` int NOT NULL,
  `title` varchar(150) NOT NULL,
  `description` longtext,
  `is_default` tinyint(1) NOT NULL DEFAULT '0',
  `is_public` tinyint(1) NOT NULL DEFAULT '0',
  `created_at` datetime NOT NULL DEFAULT CURRENT_TIMESTAMP,
  PRIMARY KEY (`collection_id`),
  KEY `account_id` (`account_id`),
  CONSTRAINT `collection_ibfk_1` FOREIGN KEY (`account_id`) REFERENCES `account` (`account_id`) ON DELETE CASCADE
) ENGINE=InnoDB AUTO_INCREMENT=47 DEFAULT CHARSET=utf8mb4 COLLATE=utf8mb4_0900_ai_ci;
/*!40101 SET character_set_client = @saved_cs_client */;

--
-- Dumping data for table `collection`
--

LOCK TABLES `collection` WRITE;
/*!40000 ALTER TABLE `collection` DISABLE KEYS */;
INSERT INTO `collection` VALUES (1,1,'Saved','Your saved publications',1,0,'2025-08-01 15:18:16'),(2,2,'Saved','Your saved publications',1,0,'2025-08-01 15:19:36'),(3,3,'Saved','Your saved publications',1,0,'2025-08-01 15:25:03'),(4,4,'Saved','Your saved publications',1,0,'2025-08-01 19:50:05'),(5,5,'Saved','Your saved publications',1,0,'2025-08-02 22:47:28'),(6,6,'Saved','Your saved publications',1,0,'2025-08-02 22:48:40'),(7,7,'Saved','Your saved publications',1,0,'2025-08-02 22:51:21'),(8,8,'Saved','Your saved publications',1,0,'2025-08-02 22:57:01'),(9,9,'Saved','Your saved publications',1,0,'2025-08-02 23:14:10'),(10,10,'Saved','Your saved publications',1,0,'2025-08-03 17:23:33'),(11,11,'Saved','Your saved publications',1,0,'2025-08-03 19:32:01'),(12,12,'Saved','Your saved publications',1,0,'2025-08-03 22:47:24'),(13,13,'Saved','Your saved publications',1,0,'2025-08-04 00:19:04'),(14,14,'Saved','Your saved publications',1,0,'2025-08-04 00:54:26'),(15,1,'Ozzy Luvs Ai','<p>i don’t think he does actually ?</p>',0,1,'2025-08-04 09:53:28'),(16,15,'Saved','Your saved publications',1,0,'2025-08-04 19:22:47'),(17,16,'Saved','Your saved publications',1,0,'2025-08-04 19:27:42'),(18,17,'Saved','Your saved publications',1,0,'2025-08-04 19:29:07'),(23,18,'Saved','Your saved publications',1,0,'2025-08-05 03:18:20'),(24,17,'Collection of Various ML Publications','<p>This collection contains various machine learning publications.</p>',0,1,'2025-08-05 03:55:48'),(25,19,'Saved','Your saved publications',1,0,'2025-08-05 04:31:34'),(26,18,'some interesting computer vision pubs','<p>???????</p>',0,1,'2025-08-05 05:00:31'),(27,18,'Some Random Stuff','<p>random stuffffffff</p><p>ff</p><p>f</p><p>f</p><p>f</p>',0,1,'2025-08-05 05:14:07'),(30,18,'asdf','',0,0,'2025-08-05 05:36:34'),(31,20,'Saved','Your saved publications',1,0,'2025-08-05 05:51:14'),(32,21,'Saved','Your saved publications',1,0,'2025-08-05 11:59:31'),(33,18,'random title','<p>asdfa</p><p>sdf</p><p>asdf</p><p>as</p><p>df</p>',0,0,'2025-08-05 12:11:38'),(34,22,'Saved','Your saved publications',1,0,'2025-08-05 12:15:08'),(35,23,'Saved','Your saved publications',1,0,'2025-08-05 13:09:14'),(36,24,'Saved','Your saved publications',1,0,'2025-08-05 13:25:23'),(37,25,'Saved','Your saved publications',1,0,'2025-08-05 13:29:04'),(38,26,'Saved','Your saved publications',1,0,'2025-08-05 13:31:42'),(40,27,'Saved','Your saved publications',1,0,'2025-08-05 22:32:37'),(41,28,'Saved','Your saved publications',1,0,'2025-08-08 20:32:22'),(42,29,'Saved','Your saved publications',1,0,'2025-08-09 05:10:40'),(43,29,'bla bla\'s first collection','<p>This is my first collection</p><blockquote><p>yay</p><p>- me, circa 1905</p></blockquote><p></p>',0,1,'2025-08-09 05:13:09'),(44,30,'Saved','Your saved publications',1,0,'2025-08-09 19:26:47'),(45,31,'Saved','Your saved publications',1,0,'2025-08-09 21:15:25'),(46,31,'Final Report Test Collection','<p>A cool new collection for our final report.</p>',0,1,'2025-08-09 22:25:01');
/*!40000 ALTER TABLE `collection` ENABLE KEYS */;
UNLOCK TABLES;

--
-- Table structure for table `collection_item`
--

DROP TABLE IF EXISTS `collection_item`;
/*!40101 SET @saved_cs_client     = @@character_set_client */;
/*!50503 SET character_set_client = utf8mb4 */;
CREATE TABLE `collection_item` (
  `collection_id` int NOT NULL,
  `pub_id` int NOT NULL,
  `added_at` datetime NOT NULL DEFAULT CURRENT_TIMESTAMP,
  PRIMARY KEY (`collection_id`,`pub_id`),
  KEY `idx_collection_pub` (`pub_id`),
  CONSTRAINT `collection_item_ibfk_1` FOREIGN KEY (`collection_id`) REFERENCES `collection` (`collection_id`) ON DELETE CASCADE,
  CONSTRAINT `collection_item_ibfk_2` FOREIGN KEY (`pub_id`) REFERENCES `publication` (`pub_id`) ON DELETE RESTRICT
) ENGINE=InnoDB DEFAULT CHARSET=utf8mb4 COLLATE=utf8mb4_0900_ai_ci;
/*!40101 SET character_set_client = @saved_cs_client */;

--
-- Dumping data for table `collection_item`
--

LOCK TABLES `collection_item` WRITE;
/*!40000 ALTER TABLE `collection_item` DISABLE KEYS */;
INSERT INTO `collection_item` VALUES (1,1,'2025-08-05 23:13:46'),(1,6,'2025-08-05 23:06:56'),(1,7,'2025-08-05 23:06:52'),(1,15,'2025-08-05 23:06:51'),(1,16,'2025-08-09 05:10:11'),(13,1,'2025-08-04 00:42:14'),(15,2,'2025-08-05 05:38:32'),(15,7,'2025-08-04 09:53:28'),(18,11,'2025-08-05 05:02:36'),(23,1,'2025-08-05 12:10:09'),(23,11,'2025-08-05 05:00:54'),(23,12,'2025-08-05 04:14:44'),(23,15,'2025-08-05 04:41:55'),(23,16,'2025-08-05 04:47:46'),(24,1,'2025-08-05 04:51:57'),(24,14,'2025-08-05 04:51:49'),(24,15,'2025-08-05 04:51:41'),(25,3,'2025-08-05 04:31:40'),(26,11,'2025-08-05 05:00:31'),(26,12,'2025-08-05 05:00:31'),(27,2,'2025-08-05 05:33:44'),(33,2,'2025-08-05 12:11:38'),(33,7,'2025-08-05 12:12:17'),(35,11,'2025-08-05 13:09:59'),(35,13,'2025-08-05 13:10:35'),(37,12,'2025-08-05 13:29:31'),(40,1,'2025-08-05 23:00:57'),(40,6,'2025-08-05 23:00:46'),(40,11,'2025-08-05 22:33:51'),(40,13,'2025-08-05 23:00:54'),(40,14,'2025-08-05 22:33:08'),(40,16,'2025-08-05 22:59:59'),(41,14,'2025-08-08 20:33:48'),(41,17,'2025-08-08 20:32:56'),(42,15,'2025-08-09 05:11:09'),(42,16,'2025-08-09 05:10:54'),(43,16,'2025-08-09 05:13:09'),(44,1,'2025-08-09 19:26:53'),(45,12,'2025-08-09 22:02:23'),(45,14,'2025-08-09 21:49:25'),(46,3,'2025-08-09 22:25:02'),(46,7,'2025-08-09 22:25:02'),(46,20,'2025-08-09 22:25:01');
/*!40000 ALTER TABLE `collection_item` ENABLE KEYS */;
UNLOCK TABLES;

--
-- Table structure for table `person`
--

DROP TABLE IF EXISTS `person`;
/*!40101 SET @saved_cs_client     = @@character_set_client */;
/*!50503 SET character_set_client = utf8mb4 */;
CREATE TABLE `person` (
  `person_id` int NOT NULL AUTO_INCREMENT,
  `first_name` varchar(40) NOT NULL,
  `last_name` varchar(40) NOT NULL,
  `identity_email` varchar(75) NOT NULL,
  PRIMARY KEY (`person_id`),
  UNIQUE KEY `identity_email` (`identity_email`)
) ENGINE=InnoDB AUTO_INCREMENT=63 DEFAULT CHARSET=utf8mb4 COLLATE=utf8mb4_0900_ai_ci;
/*!40101 SET character_set_client = @saved_cs_client */;

--
-- Dumping data for table `person`
--

LOCK TABLES `person` WRITE;
/*!40000 ALTER TABLE `person` DISABLE KEYS */;
INSERT INTO `person` VALUES (1,'Aekn','Admal','aekn.admal@gmail.com'),(2,'Aekn','Admal','1aekn.admal@gmail.com'),(3,'Aekn','Admal','1234@gmail.com'),(4,'A','Guy','anotheremail@gmail.com'),(5,'User','Two','user2@gmail.com'),(6,'User','Three','user3@gmail.com'),(7,'User','Four','user4@gmail.com'),(8,'Thing','Two','thing2@gmail.com'),(9,'Thing','Three','thing3@gmail.com'),(10,'Born','Publish','bornonpublish@gmail.com'),(11,'Andre F','Ribeiro','ribeiro@alum.mit.edu'),(12,'Eda','Koker','edakoker@gmail.com'),(13,'Huy','Tran','huy.q.tran03@sjsu.edu'),(14,'new','dude','newdude@gmail.com'),(15,'Rajpreet','Singh','rajpreet.singh@airchive.standin'),(16,'Vidhi','Kothari','vidhi.kothari@airchive.standin'),(17,'Wenqi','Wei','wenqiwei@fordham.edu'),(18,'Ling','Liu','ling.liu@cc.gatech.edu'),(19,'Thing','Ten','thing10@gmail.com'),(20,'tenth','dude','tenthdude@gmail.com'),(21,'ben','ten','ben10@gmail.com'),(22,'tommy','lee','tommylee@gmail.com'),(23,'asdf','adsf','asdf@gmail.com'),(24,'asdfasdf','asdfasdfasdf','asdfsdlkjf@gmail.com'),(25,'admin','user','admin@gmail.com'),(26,'publisher','two','publisher2@airchive.com'),(27,'Qiqi','Hou','qiqi.hou@airchive.com'),(28,'Randall','Rauwendaal','randall.rauwendaal@airchive.com'),(29,'Zifeng','Li','zifeng.li@airchive.com'),(30,'Hoang','Le','hoang.le@airchive.com'),(31,'Farzad','Farhadzadeh','farzad.farhadzadeh@airchive.com'),(32,'Fatih','Porikli','fatih.porikli@airchive.com'),(33,'Alexei','Bourd','alexei.bourd@airchive.com'),(34,'Amir','Said','amir.said@airchive.com'),(35,'Debasmit','Das','debasmit.das@airchive.com'),(36,'Shubhankar','Borse','shubhankar.borse@airchive.com'),(37,'Enrico','De Santis','enrico.desantis@airchive.com'),(38,'Antonello','Rizzi','antonello.rizzi@airchive.com'),(39,'five','user','user200@gmail.com'),(40,'Lei','Zan','lei.zan@airchive.com'),(41,'Keli','Zhang','keli.zhang@airchive.com'),(42,'Ruichu','Cai','ruichu.cai@airchive.com'),(43,'Lujia','Pan','lujia.pan@airchive.com'),(44,'Phillip','Stephan','phillip.stephan@airchive.com'),(45,'Florian','Euchner','florian.euchner@airchive.com'),(46,'Stephan','ten Brink','stephan.tenbrink@airchive.com'),(47,'Some','Wonky Dude','wonky.dude@airchive.com'),(48,'aekn','admal','12341234@gmail.com'),(49,'asdfasdf','asd','assd@gmail.com'),(50,'ash','ash','ash@gmail.com'),(51,'new','user','newuser@gmail.com'),(52,'user','user','user@gmail.com'),(53,'new','user','newuse2222r@gmail.com'),(54,'new','user','newuse234234234234@gmail.com'),(55,'random','persron','randomperson@gmail.com'),(56,'Ozzy','Osbourne','ozzyluvsai@gmail.com'),(57,'waylon','jennings','whatwouldwaylondo@gmail.com'),(58,'bla','bla','blabla2@gmail.com'),(59,'new','account','newaccount@gmail.com'),(60,'Final','Report','finalreporttest@gmail.com'),(61,'Satyendra Kumar ','Mishra','satyendra.kumarmishra@airchive.com'),(62,'Abhishek','Sarkar','abhishek.sarkar@airchive.com');
/*!40000 ALTER TABLE `person` ENABLE KEYS */;
UNLOCK TABLES;

--
-- Table structure for table `publication`
--

DROP TABLE IF EXISTS `publication`;
/*!40101 SET @saved_cs_client     = @@character_set_client */;
/*!50503 SET character_set_client = utf8mb4 */;
CREATE TABLE `publication` (
  `pub_id` int NOT NULL AUTO_INCREMENT,
  `title` varchar(150) NOT NULL,
  `content` longtext,
  `doi` varchar(100) DEFAULT NULL,
  `url` varchar(2083) DEFAULT NULL,
  `kind` enum('PAPER','BLOG','ARTICLE') NOT NULL,
  `submitter_id` int DEFAULT NULL,
  `submitted_at` datetime NOT NULL DEFAULT CURRENT_TIMESTAMP ON UPDATE CURRENT_TIMESTAMP,
  `published_at` datetime DEFAULT NULL,
  `status` enum('PUBLISHED','DRAFT') NOT NULL DEFAULT 'DRAFT',
  PRIMARY KEY (`pub_id`),
  UNIQUE KEY `doi` (`doi`),
  KEY `submitter_id` (`submitter_id`),
  KEY `idx_publication_published` (`published_at`),
  KEY `idx_publication_status_kind` (`status`,`kind`),
  FULLTEXT KEY `ft_pub_title` (`title`),
  CONSTRAINT `publication_ibfk_1` FOREIGN KEY (`submitter_id`) REFERENCES `account` (`account_id`) ON DELETE SET NULL
) ENGINE=InnoDB AUTO_INCREMENT=21 DEFAULT CHARSET=utf8mb4 COLLATE=utf8mb4_0900_ai_ci;
/*!40101 SET character_set_client = @saved_cs_client */;

--
-- Dumping data for table `publication`
--

LOCK TABLES `publication` WRITE;
/*!40000 ALTER TABLE `publication` DISABLE KEYS */;
INSERT INTO `publication` VALUES (1,'Spatio-Causal Patterns of Sample Growth','<p>Different statistical samples (e.g., from different locations) offer populations and learning systems observations with distinct statistical properties. Samples under (1) ’Unconfounded’ growth preserve systems’ ability to determine their variables’ effects on outcomes-of-interest (and lead, therefore, to interpretable black-box predictions). Samples under (2) ’Externally-Valid’ growth preserve their ability to make predictions that generalize across out-of-sample variation. The first generates predictions that generalize over sample populations, the second over their common unobserved factors. We illustrate these theoretic patterns in the full American census from 1840 to 1940, and samples ranging from the street-level all the way to the national. This reveals new conditions for the generalizability of samples over space and time, and connections among the Shapley value, counterfactual statistics, and hyperbolic geometry.</p>','https://doi.org/10.1613/jair.1.15675','https://www.jair.org/index.php/jair/article/view/15675/27202','PAPER',1,'2025-08-03 05:46:26','2025-07-31 07:00:00','PUBLISHED'),(2,'Implementing MCP Servers in Python: An AI Shopping Assistant with Gradio','<p>Python Developers, want to give your LLM superpowers? Gradio is the fastest way to do it! With Gradio\'s Model Context Protocol (MCP) integration, your LLM can plug directly into the thousands of AI models and Spaces hosted on the Hugging Face <a target=\"_blank\" rel=\"noopener noreferrer nofollow\" href=\"https://hf.co\">Hub</a>. By pairing the general reasoning capabilities of LLMs with the specialized abilities of models found on Hugging Face, your LLM can go beyond simply answering text questions to actually solving problems in your daily life.</p><p>For Python developers, Gradio makes implementing powerful MCP servers a breeze, offering features like:</p><ul><li><p><strong>Automatic conversion of python functions into LLM tools:</strong> Each API endpoint in your Gradio app is automatically converted into an MCP tool with a corresponding name, description, and input schema. The docstring of your function is used to generate the description of the tool and its parameters.</p></li><li><p><strong>Real-time progress notifications:</strong> Gradio streams progress notifications to your MCP client, allowing you to monitor the status in real-time without having to implement this feature yourself.</p></li><li><p><strong>Automatic file uploads</strong>, including support for public URLs and handling of various file types.</p></li></ul><p>Imagine this: you hate shopping because it takes too much time, and you dread trying on clothes yourself. What if an LLM could handle this for you? In this post, we\'ll create an LLM-powered AI assistant that can browse online clothing stores, find specific garments, and then use a virtual try-on model to show you how those clothes would look on you. See the demo below:The Goal: Your Personal AI Stylist</p><p>To bring our AI shopping assistant to life, we\'ll combine three key components:</p><ol><li><p><a target=\"_blank\" rel=\"noopener noreferrer nofollow\" href=\"https://huggingface.co/yisol/IDM-VTON\">IDM-VTON</a> Diffusion Model: This AI model is responsible for the virtual try-on functionality. It can edit existing photos to make it appear as if a person is wearing a different garment. We\'ll be using the Hugging Face Space for IDM-VTON, accessible <a target=\"_blank\" rel=\"noopener noreferrer nofollow\" href=\"https://huggingface.co/spaces/yisol/IDM-VTON\">here</a>.</p></li><li><p>Gradio: Gradio is an open-source Python library that makes it easy to build AI-powered web applications and, crucially for our project, to create MCP servers. Gradio will act as the bridge, allowing our LLM to call the IDM-VTON model and other tools.</p></li><li><p>Visual Studio Code\'s AI Chat Feature: We\'ll use VS Code\'s built-in AI chat, which supports adding arbitrary MCP servers, to interact with our AI shopping assistant. This will provide a user-friendly interface for issuing commands and viewing the virtual try-on results.</p></li></ol><h2>Building the Gradio MCP Server</h2><p>The core of our AI shopping assistant is the Gradio MCP server. This server will expose one main tool:</p><ol><li><p><code spellcheck=\"false\" class=\"inline\">vton_generation</code>: This function will take a human model image and a garment image as input and use the IDM-VTON model to generate a new image of the person wearing the garment.</p></li></ol><p>Here\'s the Python code for our Gradio MCP server:</p><pre class=\"hljs\"><code class=\"language-python\">from gradio_client import Client, handle_file\nimport gradio as gr\nimport re\n\n\nclient = Client(\"freddyaboulton/IDM-VTON\",\n                hf_token=\"&lt;Your-token&gt;\")\n\n\ndef vton_generation(human_model_img: str, garment: str):\n    \"\"\"Use the IDM-VTON model to generate a new image of a person wearing a garment.\"\"\"\n    \"\"\"\n    Args:\n        human_model_img: The human model that is modelling the garment.\n        garment: The garment to wear.\n    \"\"\"\n    output = client.predict(\n        dict={\"background\": handle_file(human_model_img), \"layers\":[], \"composite\":None},\n        garm_img=handle_file(garment),\n        garment_des=\"\",\n        is_checked=True,\n        is_checked_crop=False,\n        denoise_steps=30,\n        seed=42,\n        api_name=\"/tryon\"\n    )\n\n    return output[0]\n\nvton_mcp = gr.Interface(\n    vton_generation,\n    inputs=[\n        gr.Image(type=\"filepath\", label=\"Human Model Image URL\"),\n        gr.Image(type=\"filepath\", label=\"Garment Image URL or File\")\n    ],\n    outputs=gr.Image(type=\"filepath\", label=\"Generated Image\")\n)\n\nif __name__ == \"__main__\":\n    vton_mcp.launch(mcp_server=True)</code></pre><p>By setting mcp_server=True in the <code spellcheck=\"false\" class=\"inline\">launch()</code> method, Gradio automatically converts our Python functions into MCP tools that LLMs can understand and use. The docstrings of our functions are used to generate descriptions of the tools and their parameters.</p><blockquote><p>The original IDM-VTON space was implemented with Gradio 4.x which precedes the automatic MCP functionality. So in this demo, we\'ll be building a Gradio interface that queries the original space via the Gradio API client.</p></blockquote><p>Finally, run this script with python.</p><h2>Configuring VS Code</h2><p>To connect our Gradio MCP server to VS Code\'s AI chat, we\'ll need to edit the <code spellcheck=\"false\" class=\"inline\">mcp.json</code> file. This configuration tells the AI chat where to find our MCP server and how to interact with it.</p><p>You can find this file by typing <code spellcheck=\"false\" class=\"inline\">MCP</code> in the command panel and selecting <code spellcheck=\"false\" class=\"inline\">MCP: Open User Configuration</code>. Once you open it, make sure the following servers are present:</p><pre class=\"hljs\"><code class=\"language-json\">{\n  \"servers\": {\n  \"vton\": {\n    \"url\": \"http://127.0.0.1:7860/gradio_api/mcp/\"\n  },\n  \"playwright\": {\n    \"command\": \"npx\",\n    \"args\": [\n      \"-y\",\n      \"@playwright/mcp@latest\"\n    ]\n   }\n  }\n}</code></pre><p>The playwright MCP server will let our AI assistant browse the web.</p><blockquote><p>Make sure the URL of the <code spellcheck=\"false\" class=\"inline\">vton</code> server matches the url printed to the console in the previous section. To run the playwright MCP server, you need to have node <a target=\"_blank\" rel=\"noopener noreferrer nofollow\" href=\"https://docs.npmjs.com/downloading-and-installing-node-js-and-npm\">installed</a>.</p></blockquote><h2>Putting It All Together</h2><p>Now we can start interacting with our AI shopping assistant. Open a new chat in VS Code, and you can ask the assistant something like \"Browse the Uniqlo website for blue t-shirts, and show me what I would look like in three of them, using my photo at [your-image-url].\"</p><p>See the above video for an example!</p><h2>Conclusion</h2><p>The combination of Gradio, MCP, and powerful AI models like IDM-VTON opens up exciting possibilities for creating intelligent and helpful AI assistants. By following the steps outlined in this blog post, you can build your own assistant to solve the problems you care most about!</p>',NULL,NULL,'ARTICLE',1,'2025-08-03 06:33:16','2025-08-03 06:33:16','PUBLISHED'),(3,'Our Schema','<p>i really hope this doesn’t corrupt anything<br></p><pre class=\"hljs\"><code class=\"language-sql\">CREATE DATABASE IF NOT EXISTS airchive;\nUSE airchive;\n\n-- =============================================================================\n-- TABLE: person\n-- Stores unique information about an individual on the platform. This table\n-- decouples the concept of a person from a user account, allowing authors to\n-- be credited without having an account on the system.\n-- The identity_email attribute is a unique email used to identify the person,\n-- this is set on account creation or when an author credits another non-platform\n-- author.\n-- =============================================================================\nCREATE TABLE person (\n    person_id INT PRIMARY KEY AUTO_INCREMENT,\n    first_name VARCHAR(40) NOT NULL,\n    last_name VARCHAR(40) NOT NULL,\n    identity_email VARCHAR(75) NOT NULL UNIQUE\n);\n\n-- =============================================================================\n-- TABLE: account\n-- Manages user accounts for the platform. Each account corresponds to a person\n-- and stores the account\'s authentication, role, and permission metadata.\n-- =============================================================================\nCREATE TABLE account (\n    account_id INT PRIMARY KEY AUTO_INCREMENT,\n    person_id INT NOT NULL UNIQUE,\n    email VARCHAR(75) NOT NULL UNIQUE,\n    username VARCHAR(20) NOT NULL UNIQUE,\n    password_hash VARCHAR(255) DEFAULT NULL,\n    role ENUM(\'READER\', \'AUTHOR\') NOT NULL DEFAULT \'READER\',\n    is_admin BOOLEAN NOT NULL DEFAULT FALSE,\n    created_at DATETIME NOT NULL DEFAULT CURRENT_TIMESTAMP,\n    FOREIGN KEY (person_id) REFERENCES person(person_id) ON DELETE CASCADE\n);\n\n-- =============================================================================\n-- TABLE: author_request\n-- Tracks requests from users with the \'READER\' role to be upgraded to the\n-- \'AUTHOR\' role.\n-- =============================================================================\nCREATE TABLE author_request (\n    account_id INT PRIMARY KEY,\n    status ENUM(\'PENDING\', \'APPROVED\') DEFAULT \'PENDING\',\n    requested_at DATETIME NOT NULL DEFAULT CURRENT_TIMESTAMP,\n    FOREIGN KEY (account_id) REFERENCES account(account_id) ON DELETE CASCADE\n);\n\n-- =============================================================================\n-- TABLE: topic\n-- A lookup table for categorizing publications based on a topic. This allows\n-- for filtering and personalized content recommendation functionalities.\n-- =============================================================================\nCREATE TABLE topic (\n    topic_id INT PRIMARY KEY AUTO_INCREMENT,\n    code VARCHAR(10) NOT NULL UNIQUE,\n    full_name VARCHAR(50) NOT NULL UNIQUE\n);\n\n-- =============================================================================\n-- TABLE: publication\n-- The core table holding metadata for all publications, such as papers,\n-- articles, and blog posts.\n-- =============================================================================\nCREATE TABLE publication (\n    pub_id INT PRIMARY KEY AUTO_INCREMENT,\n    title VARCHAR(150) NOT NULL,\n    content LONGTEXT,\n    doi VARCHAR(100) UNIQUE,\n    url VARCHAR(2083),\n    kind ENUM(\'PAPER\', \'BLOG\', \'ARTICLE\') NOT NULL,\n    submitter_id INT,\n    submitted_at DATETIME NOT NULL DEFAULT CURRENT_TIMESTAMP ON UPDATE CURRENT_TIMESTAMP,\n    published_at DATETIME,\n    status ENUM(\'PUBLISHED\', \'DRAFT\') NOT NULL DEFAULT \'DRAFT\',\n    FOREIGN KEY (submitter_id) REFERENCES account(account_id) ON DELETE SET NULL\n);\n\n-- =============================================================================\n-- TABLE: publication_author\n-- A many-to-many relationship between publications and their authors (persons)\n-- and also stores their order of authorship.\n-- =============================================================================\nCREATE TABLE publication_author (\n    pub_id INT NOT NULL,\n    person_id INT NOT NULL,\n    author_order INT NOT NULL,\n    PRIMARY KEY (pub_id, person_id),\n    FOREIGN KEY (pub_id) REFERENCES publication(pub_id) ON DELETE RESTRICT,\n    FOREIGN KEY (person_id) REFERENCES person(person_id) ON DELETE RESTRICT\n);\n\n-- =============================================================================\n-- TABLE: publication_topic\n-- A many-to-many relationship between publications and topics. This table is\n-- used for filtering publications based on topics and providing personalized\n-- content recommendations.\n-- =============================================================================\nCREATE TABLE publication_topic (\n    pub_id INT NOT NULL,\n    topic_id INT NOT NULL,\n    PRIMARY KEY (pub_id, topic_id),\n    FOREIGN KEY (pub_id) REFERENCES publication(pub_id) ON DELETE RESTRICT,\n    FOREIGN KEY (topic_id) REFERENCES topic(topic_id) ON DELETE CASCADE\n);\n\n-- =============================================================================\n-- TABLE: collection\n-- Stores an account\'s collections (reading lists) and their metadata. Each\n-- account has 1 default collection.\n-- =============================================================================\nCREATE TABLE collection (\n    collection_id INT PRIMARY KEY AUTO_INCREMENT,\n    account_id INT NOT NULL,\n    title VARCHAR(150) NOT NULL,\n    description TEXT,\n    is_default BOOLEAN NOT NULL DEFAULT FALSE,\n    is_public BOOLEAN NOT NULL DEFAULT FALSE,\n    created_at DATETIME NOT NULL DEFAULT CURRENT_TIMESTAMP,\n    FOREIGN KEY (account_id) REFERENCES account(account_id) ON DELETE CASCADE\n);\n\n-- =============================================================================\n-- TABLE: collection_item\n-- A many-to-many relationship between collections and publications. This table\n-- stores the publications saved within an account\'s collection.\n-- =============================================================================\nCREATE TABLE collection_item (\n    collection_id INT NOT NULL,\n    pub_id INT NOT NULL,\n    added_at DATETIME NOT NULL DEFAULT CURRENT_TIMESTAMP,\n    PRIMARY KEY (collection_id, pub_id),\n    FOREIGN KEY (collection_id) REFERENCES collection(collection_id) ON DELETE CASCADE,\n    FOREIGN KEY (pub_id) REFERENCES publication(pub_id) ON DELETE RESTRICT\n);\n\n-- =============================================================================\n-- TABLE: publication_view\n-- Tracks all instances of an account viewing a publication. This table allows\n-- for personalized content recommendations.\n-- =============================================================================\nCREATE TABLE publication_view (\n    account_id INT NOT NULL,\n    pub_id INT NOT NULL,\n    viewed_at DATETIME NOT NULL DEFAULT CURRENT_TIMESTAMP,\n    PRIMARY KEY (account_id, pub_id, viewed_at),\n    FOREIGN KEY (account_id) REFERENCES account(account_id) ON DELETE CASCADE,\n    FOREIGN KEY (pub_id) REFERENCES publication(pub_id) ON DELETE RESTRICT\n);\n\n-- =============================================================================\n-- TABLE: publication_like\n-- Tracks an account\'s \"like\" interaction on a publication. This table allows\n-- for personalized content recommendations.\n-- =============================================================================\nCREATE TABLE publication_like (\n    account_id INT NOT NULL,\n    pub_id INT NOT NULL,\n    liked_at DATETIME NOT NULL DEFAULT CURRENT_TIMESTAMP,\n    PRIMARY KEY (account_id, pub_id),\n    FOREIGN KEY (account_id) REFERENCES account(account_id) ON DELETE CASCADE,\n    FOREIGN KEY (pub_id) REFERENCES publication(pub_id) ON DELETE RESTRICT\n);\n\n-- =============================================================================\n-- TABLE: topic_affinity\n-- Stores a calculated score representing an account\'s affinity for a specific\n-- topic. This score is calculated from an account\'s interactions (views,\n-- likes, saves). These scores are used to provide personalized content\n-- recommendations.\n-- =============================================================================\nCREATE TABLE topic_affinity (\n    account_id INT NOT NULL,\n    topic_id INT NOT NULL,\n    score DOUBLE NOT NULL DEFAULT 0,\n    last_updated DATETIME NOT NULL DEFAULT CURRENT_TIMESTAMP ON UPDATE CURRENT_TIMESTAMP,\n    PRIMARY KEY (account_id, topic_id),\n    FOREIGN KEY (account_id) REFERENCES account(account_id) ON DELETE CASCADE,\n    FOREIGN KEY (topic_id) REFERENCES topic(topic_id) ON DELETE CASCADE\n);\n\n-- =============================================================================\n-- TABLE: author_affinity\n-- Stores a calculated score representing an account\'s affinity for a specific\n-- author. This score is calculated from an account\'s interactions (views,\n-- likes, saves). These scores are used to provide personalized content\n-- recommendations.\n-- =============================================================================\nCREATE TABLE author_affinity (\n    account_id INT NOT NULL,\n    author_id INT NOT NULL,\n    score DOUBLE NOT NULL DEFAULT 0,\n    last_updated DATETIME NOT NULL DEFAULT CURRENT_TIMESTAMP ON UPDATE CURRENT_TIMESTAMP,\n    PRIMARY KEY (account_id, author_id),\n    FOREIGN KEY (account_id) REFERENCES account(account_id) ON DELETE CASCADE,\n    FOREIGN KEY (author_id) REFERENCES person(person_id) ON DELETE CASCADE\n);\n\n-- FULLTEXT indices for our MATCH ... AGAINST ... searches\nCREATE FULLTEXT INDEX ft_pub_title ON publication(title);\nCREATE FULLTEXT INDEX ft_topic_fullname ON topic(full_name);\n\nCREATE INDEX idx_publication_published ON publication (published_at);\nCREATE INDEX idx_publication_status_kind ON publication (status, kind);\n\nCREATE INDEX idx_view_pub ON publication_view (pub_id);\nCREATE INDEX idx_like_pub ON publication_like (pub_id);\n\nCREATE INDEX idx_collection_pub ON collection_item (pub_id);\n\nCREATE INDEX idx_pub_author ON publication_author (person_id);\nCREATE INDEX idx_pub_topic ON publication_topic (topic_id);</code></pre><p></p>',NULL,NULL,'BLOG',1,'2025-08-03 08:32:48','2025-08-03 07:00:00','PUBLISHED'),(4,'buncha random stuff','<p>where you can write stuff</p><blockquote><p>bla bla bla</p><p>- ozzy ozbourne</p></blockquote><p>another bunch of random stuff</p><p>asdf</p><p>asd</p><p>fsad</p><p>fsa</p><p>df</p><p></p><pre class=\"hljs\"><code class=\"language-java\">bunch of random stuff public static void main (String[] args) {}</code></pre><p></p>',NULL,NULL,'ARTICLE',1,'2025-08-03 08:59:02',NULL,'DRAFT'),(5,'bla bla bla','<p>Python Developers, want to give your LLM superpowers? Gradio is the fastest way to do it! With Gradio\'s Model Context Protocol (MCP) integration, your LLM can plug directly into the thousands of AI models and Spaces hosted on the Hugging Face <a target=\"_blank\" rel=\"noopener noreferrer nofollow\" href=\"https://hf.co\">Hub</a>. By pairing the general reasoning capabilities of LLMs with the specialized abilities of models found on Hugging Face, your LLM can go beyond simply answering text questions to actually solving problems in your daily life.</p><p>For Python developers, Gradio makes implementing powerful MCP servers a breeze, offering features like:</p><ul><li><p><strong>Automatic conversion of python functions into LLM tools:</strong> Each API endpoint in your Gradio app is automatically converted into an MCP tool with a corresponding name, description, and input schema. The docstring of your function is used to generate the description of the tool and its parameters.</p></li><li><p><strong>Real-time progress notifications:</strong> Gradio stasdfasdf</p></li><li><p>asdfas</p></li><li><p>df</p></li><li><p>asdf</p></li><li><p>asd</p></li><li><p>f</p></li><li><p>asdf</p></li><li><p>as</p></li><li><p>dfas</p></li><li><p>df</p></li><li><p>asdfreams progress notifications to your MCP client, allowing you to monitor the status in real-time without having to implement this feature yourself.</p></li><li><p><strong>Automatic file uploads</strong>, including support for public URLs and handling of various file types.</p></li></ul><p>Imagine this: you hate shopping because it takes too much time, and you dread trying on clothes yourself. What if an LLM could handle this for you? In this post, we\'ll create an LLM-powered AI assistant that can browse online clothing stores, find specific garments, and then use a virtual try-on model to show you how those clothes would look on you. See the demo below:The Goal: Your Personal AI Stylist</p><p>To bring our AI shopping assistant to life, we\'ll combine three key components:</p><ol><li><p><a target=\"_blank\" rel=\"noopener noreferrer nofollow\" href=\"https://huggingface.co/yisol/IDM-VTON\">IDM-VTON</a> Diffusion Model: This AI model is responsible for the virtual try-on functionality. It can edit existing photos to make it appear as if a person is wearing a different garment. We\'ll be using the Hugging Face Space for IDM-VTON, accessible <a target=\"_blank\" rel=\"noopener noreferrer nofollow\" href=\"https://huggingface.co/spaces/yisol/IDM-VTON\">here</a>.</p></li><li><p>Gradio: Gradio is an open-source Python library that makes it easy to build AI-powered web applications and, crucially for our project, to create MCP servers. Gradio will act as the bridge, allowing our LLM to call the IDM-VTON model and other tools.</p></li><li><p>Visual Studio Code\'s AI Chat Feature: We\'ll use VS Code\'s built-in AI chat, which supports adding arbitrary MCP servers, to interact with our AI shopping assistant. This will provide a user-friendly interface for issuing commands and viewing the virtual try-on results.</p></li></ol><h2>Building the Gradio MCP Server</h2><p></p>',NULL,NULL,'ARTICLE',1,'2025-08-03 17:20:48',NULL,'DRAFT'),(6,'Composable OS Kernel Architectures for Autonomous Intelligence','<p>As intelligent systems permeate edge devices, cloud infrastructure, and embedded real-time environments, this research proposes a new OS kernel architecture for intelligent systems, transforming kernels from static resource managers to adaptive, AI-integrated platforms. Key contributions include: (1) treating Loadable Kernel Modules (LKMs) as AI-oriented computation units for fast sensory and cognitive processing in kernel space; (2) expanding the Linux kernel into an AI-native environment with built-in deep learning inference, floating-point acceleration, and real-time adaptive scheduling for efficient ML workloads; and (3) introducing a Neurosymbolic kernel design leveraging Category Theory and Homotopy Type Theory to unify symbolic reasoning and differentiable logic within OS internals. Together, these approaches enable operating systems to proactively anticipate and adapt to the cognitive needs of autonomous intelligent applications.</p>','https://doi.org/10.48550/arXiv.2508.00604','https://arxiv.org/pdf/2508.00604','PAPER',1,'2025-08-03 19:00:59','2025-08-01 07:00:00','PUBLISHED'),(7,'Trustworthy Distributed AI Systems: Robustness, Privacy, and Governance','<p>Emerging Distributed AI systems are revolutionizing big data computing and data processing capabilities with growing economic and societal impact. However, recent studies have identified new attack surfaces and risks caused by security, privacy, and fairness issues in AI systems. In this article, we review representative techniques, algorithms, and theoretical foundations for trustworthy distributed AI through robustness guarantee, privacy protection, and fairness awareness in distributed learning. We first provide a brief overview of alternative architectures for distributed learning, discuss inherent vulnerabilities for security, privacy, and fairness of AI algorithms in distributed learning, and analyze why these problems are present in distributed learning regardless of specific architectures. Then, we provide a unique taxonomy of countermeasures for trustworthy distributed AI, covering (1) robustness to evasion attacks and irregular queries at inference, and robustness to poisoning attacks, Byzantine attacks, and irregular data distribution during training; (2) privacy protection during distributed learning and model inference at deployment; and (3) AI fairness and governance with respect to both data and models. We conclude with a discussion on open challenges and future research directions toward trustworthy distributed AI, such as the need for trustworthy AI policy guidelines, the AI responsibility-utility co-design, and incentives and compliance.</p>','https://doi.org/10.1145/3645102','https://dl.acm.org/doi/pdf/10.1145/3645102','PAPER',1,'2025-08-03 19:06:16','2025-02-10 08:00:00','PUBLISHED'),(8,'asdf','<p>asdfasdf</p>','asdf','','PAPER',1,'2025-08-05 01:52:18',NULL,'DRAFT'),(9,'example','<p>asdf</p>',NULL,NULL,'ARTICLE',1,'2025-08-05 01:56:09',NULL,'DRAFT'),(10,'system architecture link','<p><a target=\"_blank\" rel=\"noopener noreferrer nofollow\" href=\"https://viewer.diagrams.net/?tags=%7B%7D&amp;lightbox=1&amp;highlight=000000&amp;edit=_blank&amp;layers=1&amp;nav=1&amp;dark=0#R%3Cmxfile%3E%3Cdiagram%20name%3D%22Page-1%22%20id%3D%22wW-BFfhUQJURKGTn08EH%22%3E7VtLc%2BI4EP41VM0ekvIDk%2BTII9nZVGaWgexOdi8pYSugim05shxgf%2F22LMnYxiTA4AHCXIjUar26W5%2B6W07D7gaz3xmKJl%2Boh%2F2GZXizht1rWJZpXl7BH0GZS8qV6UjCmBFPMS0IQ%2FIfVkRDURPi4bjAyCn1OYmKRJeGIXZ5gYYYo9Mi2xP1i7NGaIyXCEMX%2BcvU78TjE0m9dIwF%2FTMm44me2TRUS4A0syLEE%2BTRaY5kXzfsLqOUy1Iw62JfCE%2FLRfa7WdGaLYzhkK%2FTgfb%2Ffez0qfEZhS%2BBb3fC8fyvM0uO8or8RG1YLZbPtQQYTUIPi0GMht2ZTgjHwwi5onUKOgfahAc%2B1EwoPhHf71KfMqiHNASmjpoBM45nK5duZgIBS8I0wJzNgUV1aCoRahtS1elCIaamTfLKsBURKSMYZyMv5AQFJaoNxGZXiK3lw7Qdj7xCcczTjW9CeqIgi7zgWy8J1Q1ncXow2sBgNqOZ7KbahVVLdSxo9ySAQ2MZX%2FEUfgc0QGG%2BQ3HmUfVSJO07hmajIw4SZpoBZJbnyZGXxlrNetRi6foEp7WPL48BRq6YsmGJMf6G47%2FVXtajlrAHIEPQY87oMy7hCvLJOISqC4oA06zEnhwyCQAigOtt1S0gniemqUS0IubtD8FadQHYxfu4rwV2h0bY79OYcEKF4EaUcxoIrTxj7k6UjFAcyev3icyE4N4SPafR2kqlCfdJCGz6eheTwVUaiVUGs7HwOs5dwhmZnfMJCR9deTJ3ojW7qLWLZa01K5TWrEtpl5vcOvsAzpsoGfmgaWEpwN5NUeMmYhSOJpZ1MJnz48XCIQ49wXQ7%2FPOr0ARB8NueERpvuKcTwTmztSbQ1eapXb0PdKDTtogUhIx9FMfELUq0KKQnn07bIQmQgkNBcxP2mjIIdpAUmz%2BolrTyj6icW46u92b51t5c12aEP%2BhBoJzvBtVFL1GZF3SGvaUopqQx2DFNmLL5N2MBjtgY8zf4TKPaBHI6dipUrGkM%2ByC71%2BJ6q%2FSuZuhTkh5zZWHZnahMLIsU9RByn6pXPh4qDWSX0N10nOJAUhBLA6VmmG17e8vU6z7w2Mt2Di34Ms0fjL4OIKboIPcZcCejsx%2BIHQ5ih7foFWVBwi1mMRY29Om2%2FXA2GP52vDd%2BD0c%2BncMRtAyAe8u4pwH4N78ioJ%2BGI7WFQGZV7uuALG%2BA5U0mGD8Nrof3wtXs%2FxEf8WEaYvZK1I46SQxxXSzKd3RM3CPe1gBHIjymjMit3fY63U23cyrHfv8Rgbk6eatMZ0sryI5o6uS%2BJDhefU98VHVnrx1a3VaFuquSJvWpu7m%2FCDCryFDuYt0IUJfz3X5GBKhDkndDQGufEeBS4Ha5ZQTYLGNTeaC6I0CnHiRS2SlwICIaxqvT9ScDQpfOvkGo9T4IHWG%2BnU4xe4zBqUu77sJbKOUPKzLutnHuXC2rrraku7nGU8kBpGlarYNL02z0XHEQjvxSmqaHOBqhAoR%2BgBfdL%2FPht7udpDA%2B6g2y7WlyajtMe3zHODov9mJNL3a%2FDxllG8u8lE3dWKf86FYeqGY3Vntbv97YdhhhSSPel206FyWT0vizqW22rt4ZqG7bXP1WtGWItdVFLe%2FLezTyxbesgqntumDyXH4U0ccsFq8LaXnxCcUaX0ycygVsOmvewLW5sxrUdh6s9zpCy6lHZnxLsEwin5i6nXJKZ%2B9pQ6sqbbgDdQsNz2VyJvFPLz%2B8pOi9p2asqiTc0admPB247gaNS4nSqrRMc1lnW%2BRkoLr4jwjpBCz%2Br8S%2B%2Fh8%3D%3C%2Fdiagram%3E%3C%2Fmxfile%3E#%7B%22pageId%22%3A%22wW-BFfhUQJURKGTn08EH%22%7D\">https://viewer.diagrams.net/?tags=%7B%7D&amp;lightbox=1&amp;highlight=000000&amp;edit=_blank&amp;layers=1&amp;nav=1&amp;dark=0#R%3Cmxfile%3E%3Cdiagram%20name%3D%22Page-1%22%20id%3D%22wW-BFfhUQJURKGTn08EH%22%3E7VtLc%2BI4EP41VM0ekvIDk%2BTII9nZVGaWgexOdi8pYSugim05shxgf%2F22LMnYxiTA4AHCXIjUar26W5%2B6W07D7gaz3xmKJl%2Boh%2F2GZXizht1rWJZpXl7BH0GZS8qV6UjCmBFPMS0IQ%2FIfVkRDURPi4bjAyCn1OYmKRJeGIXZ5gYYYo9Mi2xP1i7NGaIyXCEMX%2BcvU78TjE0m9dIwF%2FTMm44me2TRUS4A0syLEE%2BTRaY5kXzfsLqOUy1Iw62JfCE%2FLRfa7WdGaLYzhkK%2FTgfb%2Ffez0qfEZhS%2BBb3fC8fyvM0uO8or8RG1YLZbPtQQYTUIPi0GMht2ZTgjHwwi5onUKOgfahAc%2B1EwoPhHf71KfMqiHNASmjpoBM45nK5duZgIBS8I0wJzNgUV1aCoRahtS1elCIaamTfLKsBURKSMYZyMv5AQFJaoNxGZXiK3lw7Qdj7xCcczTjW9CeqIgi7zgWy8J1Q1ncXow2sBgNqOZ7KbahVVLdSxo9ySAQ2MZX%2FEUfgc0QGG%2BQ3HmUfVSJO07hmajIw4SZpoBZJbnyZGXxlrNetRi6foEp7WPL48BRq6YsmGJMf6G47%2FVXtajlrAHIEPQY87oMy7hCvLJOISqC4oA06zEnhwyCQAigOtt1S0gniemqUS0IubtD8FadQHYxfu4rwV2h0bY79OYcEKF4EaUcxoIrTxj7k6UjFAcyev3icyE4N4SPafR2kqlCfdJCGz6eheTwVUaiVUGs7HwOs5dwhmZnfMJCR9deTJ3ojW7qLWLZa01K5TWrEtpl5vcOvsAzpsoGfmgaWEpwN5NUeMmYhSOJpZ1MJnz48XCIQ49wXQ7%2FPOr0ARB8NueERpvuKcTwTmztSbQ1eapXb0PdKDTtogUhIx9FMfELUq0KKQnn07bIQmQgkNBcxP2mjIIdpAUmz%2BolrTyj6icW46u92b51t5c12aEP%2BhBoJzvBtVFL1GZF3SGvaUopqQx2DFNmLL5N2MBjtgY8zf4TKPaBHI6dipUrGkM%2ByC71%2BJ6q%2FSuZuhTkh5zZWHZnahMLIsU9RByn6pXPh4qDWSX0N10nOJAUhBLA6VmmG17e8vU6z7w2Mt2Di34Ms0fjL4OIKboIPcZcCejsx%2BIHQ5ih7foFWVBwi1mMRY29Om2%2FXA2GP52vDd%2BD0c%2BncMRtAyAe8u4pwH4N78ioJ%2BGI7WFQGZV7uuALG%2BA5U0mGD8Nrof3wtXs%2FxEf8WEaYvZK1I46SQxxXSzKd3RM3CPe1gBHIjymjMit3fY63U23cyrHfv8Rgbk6eatMZ0sryI5o6uS%2BJDhefU98VHVnrx1a3VaFuquSJvWpu7m%2FCDCryFDuYt0IUJfz3X5GBKhDkndDQGufEeBS4Ha5ZQTYLGNTeaC6I0CnHiRS2SlwICIaxqvT9ScDQpfOvkGo9T4IHWG%2BnU4xe4zBqUu77sJbKOUPKzLutnHuXC2rrraku7nGU8kBpGlarYNL02z0XHEQjvxSmqaHOBqhAoR%2BgBfdL%2FPht7udpDA%2B6g2y7WlyajtMe3zHODov9mJNL3a%2FDxllG8u8lE3dWKf86FYeqGY3Vntbv97YdhhhSSPel206FyWT0vizqW22rt4ZqG7bXP1WtGWItdVFLe%2FLezTyxbesgqntumDyXH4U0ccsFq8LaXnxCcUaX0ycygVsOmvewLW5sxrUdh6s9zpCy6lHZnxLsEwin5i6nXJKZ%2B9pQ6sqbbgDdQsNz2VyJvFPLz%2B8pOi9p2asqiTc0admPB247gaNS4nSqrRMc1lnW%2BRkoLr4jwjpBCz%2Br8S%2B%2Fh8%3D%3C%2Fdiagram%3E%3C%2Fmxfile%3E#%7B%22pageId%22%3A%22wW-BFfhUQJURKGTn08EH%22%7D</a></p>',NULL,NULL,'BLOG',1,'2025-08-09 17:02:55',NULL,'DRAFT'),(11,'Sort-free Gaussian Splatting via Weighted Sum Rendering','<p>Recently, 3D Gaussian Splatting (3DGS) has emerged as a significant advancement in 3D scene reconstruction, attracting considerable attention due to its ability to recover high-fidelity details while maintaining low complexity. Despite the promising results achieved by 3DGS, its rendering performance is constrained by its dependence on costly non-commutative alpha-blending operations. These operations mandate complex view dependent sorting operations that introduce computational overhead, especially on the resource-constrained platforms such as mobile phones. In this paper, we propose Weighted Sum Rendering, which approximates alpha blending with weighted sums, thereby removing the need for sorting. This simplifies implementation, delivers superior performance, and eliminates the \"popping\" artifacts caused by sorting. Experimental results show that optimizing a generalized Gaussian splatting formulation to the new differentiable rendering yields competitive image quality. The method was implemented and tested in a mobile device GPU, achieving on average 1.23× faster rendering.</p>','https://doi.org/10.48550/arXiv.2410.18931','https://arxiv.org/pdf/2410.18931','PAPER',18,'2025-08-05 04:02:38','2025-04-09 07:00:00','PUBLISHED'),(12,'LoRA-X: Bridging Foundation Models with Training-Free Cross-Model Adaptation','<p>The rising popularity of large foundation models has led to a heightened demand for parameter-efficient fine-tuning methods, such as Low-Rank Adaptation (LoRA), which offer performance comparable to full model fine-tuning while requiring only a few additional parameters tailored to the specific base model. When such base models are deprecated and replaced, all associated LoRA modules must be retrained, requiring access to either the original training data or a substantial amount of synthetic data that mirrors the original distribution. However, the original data is often inaccessible due to privacy or licensing issues, and generating synthetic data may be impractical and insufficiently representative. These factors complicate the fine-tuning process considerably. To address this challenge, we introduce a new adapter, Cross-Model Low-Rank Adaptation (LoRA-X), which enables the training-free transfer of LoRA parameters across source and target models, eliminating the need for original or synthetic training data. Our approach imposes the adapter to operate within the subspace of the source base model. This constraint is necessary because our prior knowledge of the target model is limited to its weights, and the criteria for ensuring the adapter\'s transferability are restricted to the target base model\'s weights and subspace. To facilitate the transfer of LoRA parameters of the source model to a target model, we employ the adapter only in the layers of the target model that exhibit an acceptable level of subspace similarity. Our extensive experiments demonstrate the effectiveness of LoRA-X for text-to-image generation, including Stable Diffusion v1.5 and Stable Diffusion XL.</p>','https://doi.org/10.48550/arXiv.2501.16559','https://arxiv.org/pdf/2501.16559','PAPER',18,'2025-08-05 04:05:29','2025-02-04 08:00:00','PUBLISHED'),(13,'Noosemia: toward a Cognitive and Phenomenological Account of Intentionality Attribution in Human-Generative AI Interaction','<p>This paper introduces and formalizes Noosemia, a novel cognitive-phenomenological phenomenon emerging from human interaction with generative AI systems, particularly those enabling dialogic or multimodal exchanges. We propose a multidisciplinary framework to explain how, under certain conditions, users attribute intentionality, agency, and even interiority to these systems - a process grounded not in physical resemblance, but in linguistic performance, epistemic opacity, and emergent technological complexity. By linking an LLM declination of meaning holism to our technical notion of the LLM Contextual Cognitive Field, we clarify how LLMs construct meaning relationally and how coherence and a simulacrum of agency arise at the human-AI interface. The analysis situates noosemia alongside pareidolia, animism, the intentional stance and the uncanny valley, distinguishing its unique characteristics. We also introduce a-noosemia to describe the phenomenological withdrawal of such projections. The paper concludes with reflections on the broader philosophical, epistemological, and social implications of noosemic dynamics and directions for future research.</p>','https://doi.org/10.48550/arXiv.2508.02622','https://arxiv.org/pdf/2508.02622','PAPER',18,'2025-08-05 04:13:30','2025-08-04 07:00:00','PUBLISHED'),(14,'CAMA: Enhancing Mathematical Reasoning in Large Language Models with Causal Knowledge','<p>Large Language Models (LLMs) have demonstrated strong performance across a wide range of tasks, yet they still struggle with complex mathematical reasoning, a challenge fundamentally rooted in deep structural dependencies. To address this challenge, we propose \\textbf{CA}usal \\textbf{MA}thematician (\\textbf{CAMA}), a two-stage causal framework that equips LLMs with explicit, reusable mathematical structure. In the learning stage, CAMA first constructs the \\textbf{M}athematical \\textbf{C}ausal \\textbf{G}raph (\\textbf{MCG}), a high-level representation of solution strategies, by combining LLM priors with causal discovery algorithms applied to a corpus of question-solution pairs. The resulting MCG encodes essential knowledge points and their causal dependencies. To better align the graph with downstream reasoning tasks, CAMA further refines the MCG through iterative feedback derived from a selected subset of the question-solution pairs. In the reasoning stage, given a new question, CAMA dynamically extracts a task-relevant subgraph from the MCG, conditioned on both the question content and the LLM\'s intermediate reasoning trace. This subgraph, which encodes the most pertinent knowledge points and their causal dependencies, is then injected back into the LLM to guide its reasoning process. Empirical results on real-world datasets show that CAMA significantly improves LLM performance on challenging mathematical problems. Furthermore, our experiments demonstrate that structured guidance consistently outperforms unstructured alternatives, and that incorporating asymmetric causal relationships yields greater improvements than using symmetric associations alone.</p>','https://doi.org/10.48550/arXiv.2508.02583','https://arxiv.org/pdf/2508.02583','PAPER',18,'2025-08-05 04:37:06','2025-08-04 07:00:00','PUBLISHED'),(15,'CSI Obfuscation: Single-Antenna Transmitters Can Not Hide from Adversarial Multi-Antenna Radio Localization Systems','<p>The ability of modern telecommunication systems to locate users and objects in the radio environment raises justified privacy concerns. To prevent unauthorized localization, single-antenna transmitters can obfuscate the signal by convolving it with a randomized sequence prior to transmission, which alters the channel state information (CSI) estimated at the receiver. However, this strategy is only effective against CSI-based localization systems deploying single-antenna receivers. Inspired by the concept of blind multichannel identification, we propose a simple CSI recovery method for multi-antenna receivers to extract channel features that ensure reliable user localization regardless of the transmitted signal. We comparatively evaluate the impact of signal obfuscation and the proposed recovery method on the localization performance of CSI fingerprinting, channel charting, and classical triangulation using real-world channel measurements. This work aims to demonstrate the necessity for further efforts to protect the location privacy of users from adversarial radio-based localization systems.</p>','https://doi.org/10.48550/arXiv.2508.02553','https://arxiv.org/pdf/2508.02553','PAPER',18,'2025-08-05 04:41:34','2025-08-04 07:00:00','PUBLISHED'),(16,'A Blog About Nothing','<h2>nothing</h2><p><em>nothing</em></p><p><strong>nothing</strong></p><p><s>nothing</s></p><blockquote><p>nothing</p></blockquote><p><code spellcheck=\"false\" class=\"inline\">nothing</code></p><pre class=\"hljs\"><code>nothing</code></pre><ul><li><p>nothing</p><ul><li><p>nothing</p><ul><li><p>nothing</p><ul><li><p>nothing</p><ul><li><p>nothing</p><ul><li><p>nothing</p><ul><li><p>nothing</p><ul><li><p>nothing</p></li></ul></li></ul></li></ul></li></ul></li></ul></li></ul></li></ul></li></ul><ol><li><p>nothing</p><ol><li><p>nothing</p><ol><li><p>nothing</p><ol><li><p>nothing</p><ol><li><p>nothing</p></li></ol></li></ol></li></ol></li></ol></li><li><p>nothing</p></li><li><p>nothing</p></li></ol><p></p>',NULL,NULL,'BLOG',18,'2025-08-05 04:45:53','2025-04-08 07:00:00','PUBLISHED'),(17,'random blog','<pre class=\"hljs\"><code>asdfasdf\nasdf\nsadf\nas\ndf</code></pre><p><strong><em>dfsadfasdf</em></strong></p><p><strong>asdfsadfsadfsad</strong></p><p>fas</p><p>dfasdfas</p><p>df</p><p>sadfas</p><p>df</p><p>asdf</p>',NULL,NULL,'BLOG',1,'2025-08-05 13:33:41','2025-08-03 07:00:00','PUBLISHED'),(18,'aiRchive: Final Report','<h2><strong>Table of Contents</strong></h2><ul><li><p><a target=\"_blank\" rel=\"noopener noreferrer nofollow\" href=\"https://docs.google.com/document/d/1wiLs2N3EdRYyOEQvkQmXNoiy9xPfIDDEgVw91C-PrlE/edit?tab=t.0#heading=h.9q9us97ed0j3\"><strong>Table of Contents</strong></a></p></li><li><p><a target=\"_blank\" rel=\"noopener noreferrer nofollow\" href=\"https://docs.google.com/document/d/1wiLs2N3EdRYyOEQvkQmXNoiy9xPfIDDEgVw91C-PrlE/edit?tab=t.0#heading=h.2rt1ko10gl6z\"><strong>1 Project Requirements</strong></a></p><ul><li><p><a target=\"_blank\" rel=\"noopener noreferrer nofollow\" href=\"https://docs.google.com/document/d/1wiLs2N3EdRYyOEQvkQmXNoiy9xPfIDDEgVw91C-PrlE/edit?tab=t.0#heading=h.htt0ojxf4fx8\">1.1 Project Overview</a></p></li><li><p><a target=\"_blank\" rel=\"noopener noreferrer nofollow\" href=\"https://docs.google.com/document/d/1wiLs2N3EdRYyOEQvkQmXNoiy9xPfIDDEgVw91C-PrlE/edit?tab=t.0#heading=h.416qzc2ofr3k\">1.2 System Environment</a></p><ul><li><p><a target=\"_blank\" rel=\"noopener noreferrer nofollow\" href=\"https://docs.google.com/document/d/1wiLs2N3EdRYyOEQvkQmXNoiy9xPfIDDEgVw91C-PrlE/edit?tab=t.0#heading=h.fsz65f70bx6v\">System Structure</a></p></li><li><p><a target=\"_blank\" rel=\"noopener noreferrer nofollow\" href=\"https://docs.google.com/document/d/1wiLs2N3EdRYyOEQvkQmXNoiy9xPfIDDEgVw91C-PrlE/edit?tab=t.0#heading=h.7u60tk93zib1\">Architecture</a></p></li><li><p><a target=\"_blank\" rel=\"noopener noreferrer nofollow\" href=\"https://docs.google.com/document/d/1wiLs2N3EdRYyOEQvkQmXNoiy9xPfIDDEgVw91C-PrlE/edit?tab=t.0#heading=h.rsbr9xemhzbj\">Languages and Tools Used</a></p></li></ul></li><li><p></p></li></ul></li></ul><hr><h2><strong>1 Project Requirements</strong></h2><h3><strong>1.1 Project Overview</strong></h3><p>Our project, aiRchive, is a database web application inspired by platforms like arXiv and O’Reilly, designed to provide a centralized hub for curated AI publications including research papers, technical blogs, and educational articles. The key goal for our platform was to provide a personalized reading and research experience for students, industry professionals, and enthusiasts in the field.</p><p>Our motivation was to build a minimal and modern platform that not only hosts a wide range of AI content, but also provides personalized recommendations based on user interactions. The core features of the platform are its content management, curation, discovery, and recommendation systems. Alongside content curation and discovery, the platform features role-based access, an author verification system, administration functionalities, and a minimal yet modern UI.</p><h3><strong>1.2 System Environment</strong></h3><h4><strong>System Structure</strong></h4><p><a target=\"_blank\" rel=\"noopener noreferrer nofollow\" href=\"https://viewer.diagrams.net/?tags=%7B%7D&amp;lightbox=1&amp;highlight=000000&amp;edit=_blank&amp;layers=1&amp;nav=1&amp;dark=0#R%3Cmxfile%3E%3Cdiagram%20name%3D%22Page-1%22%20id%3D%22wW-BFfhUQJURKGTn08EH%22%3E7VtLc%2BI4EP41VM0ekvIDk%2BTII9nZVGaWgexOdi8pYSugim05shxgf%2F22LMnYxiTA4AHCXIjUar26W5%2B6W07D7gaz3xmKJl%2Boh%2F2GZXizht1rWJZpXl7BH0GZS8qV6UjCmBFPMS0IQ%2FIfVkRDURPi4bjAyCn1OYmKRJeGIXZ5gYYYo9Mi2xP1i7NGaIyXCEMX%2BcvU78TjE0m9dIwF%2FTMm44me2TRUS4A0syLEE%2BTRaY5kXzfsLqOUy1Iw62JfCE%2FLRfa7WdGaLYzhkK%2FTgfb%2Ffez0qfEZhS%2BBb3fC8fyvM0uO8or8RG1YLZbPtQQYTUIPi0GMht2ZTgjHwwi5onUKOgfahAc%2B1EwoPhHf71KfMqiHNASmjpoBM45nK5duZgIBS8I0wJzNgUV1aCoRahtS1elCIaamTfLKsBURKSMYZyMv5AQFJaoNxGZXiK3lw7Qdj7xCcczTjW9CeqIgi7zgWy8J1Q1ncXow2sBgNqOZ7KbahVVLdSxo9ySAQ2MZX%2FEUfgc0QGG%2BQ3HmUfVSJO07hmajIw4SZpoBZJbnyZGXxlrNetRi6foEp7WPL48BRq6YsmGJMf6G47%2FVXtajlrAHIEPQY87oMy7hCvLJOISqC4oA06zEnhwyCQAigOtt1S0gniemqUS0IubtD8FadQHYxfu4rwV2h0bY79OYcEKF4EaUcxoIrTxj7k6UjFAcyev3icyE4N4SPafR2kqlCfdJCGz6eheTwVUaiVUGs7HwOs5dwhmZnfMJCR9deTJ3ojW7qLWLZa01K5TWrEtpl5vcOvsAzpsoGfmgaWEpwN5NUeMmYhSOJpZ1MJnz48XCIQ49wXQ7%2FPOr0ARB8NueERpvuKcTwTmztSbQ1eapXb0PdKDTtogUhIx9FMfELUq0KKQnn07bIQmQgkNBcxP2mjIIdpAUmz%2BolrTyj6icW46u92b51t5c12aEP%2BhBoJzvBtVFL1GZF3SGvaUopqQx2DFNmLL5N2MBjtgY8zf4TKPaBHI6dipUrGkM%2ByC71%2BJ6q%2FSuZuhTkh5zZWHZnahMLIsU9RByn6pXPh4qDWSX0N10nOJAUhBLA6VmmG17e8vU6z7w2Mt2Di34Ms0fjL4OIKboIPcZcCejsx%2BIHQ5ih7foFWVBwi1mMRY29Om2%2FXA2GP52vDd%2BD0c%2BncMRtAyAe8u4pwH4N78ioJ%2BGI7WFQGZV7uuALG%2BA5U0mGD8Nrof3wtXs%2FxEf8WEaYvZK1I46SQxxXSzKd3RM3CPe1gBHIjymjMit3fY63U23cyrHfv8Rgbk6eatMZ0sryI5o6uS%2BJDhefU98VHVnrx1a3VaFuquSJvWpu7m%2FCDCryFDuYt0IUJfz3X5GBKhDkndDQGufEeBS4Ha5ZQTYLGNTeaC6I0CnHiRS2SlwICIaxqvT9ScDQpfOvkGo9T4IHWG%2BnU4xe4zBqUu77sJbKOUPKzLutnHuXC2rrraku7nGU8kBpGlarYNL02z0XHEQjvxSmqaHOBqhAoR%2BgBfdL%2FPht7udpDA%2B6g2y7WlyajtMe3zHODov9mJNL3a%2FDxllG8u8lE3dWKf86FYeqGY3Vntbv97YdhhhSSPel206FyWT0vizqW22rt4ZqG7bXP1WtGWItdVFLe%2FLezTyxbesgqntumDyXH4U0ccsFq8LaXnxCcUaX0ycygVsOmvewLW5sxrUdh6s9zpCy6lHZnxLsEwin5i6nXJKZ%2B9pQ6sqbbgDdQsNz2VyJvFPLz%2B8pOi9p2asqiTc0admPB247gaNS4nSqrRMc1lnW%2BRkoLr4jwjpBCz%2Br8S%2B%2Fh8%3D%3C%2Fdiagram%3E%3C%2Fmxfile%3E#%7B%22pageId%22%3A%22wW-BFfhUQJURKGTn08EH%22%7D\">link</a></p><h4><strong>Architecture</strong></h4><p>The application follows a three-tier architecture:</p><ul><li><p><strong>Frontend:</strong> React with ShadCN UI, developed and served on Vite</p></li><li><p><strong>Backend:</strong> Java 17 with Jersey 2.35 (JAX-RS) REST API, built with Maven and deployed on Apache Tomcat 9.0.105</p></li><li><p><strong>Database:</strong> MySQL 8.0.42, accessed via JDBC using our custom repository layer</p></li></ul><h4><strong>Languages and Tools Used</strong></h4><ul><li><p><strong>Programming Languages</strong>: Java, JavaScript (React), SQL, HTML/CSS</p></li><li><p><strong>Build Tools</strong>: Maven, Vite</p></li><li><p><strong>Database Tools:</strong> MySQL CLI and Workbench</p></li><li><p><strong>Development Tools:</strong> IntelliJ IDEA, Eclipse, Git, Github</p></li></ul><p></p>',NULL,NULL,'ARTICLE',1,'2025-08-09 17:02:30',NULL,'DRAFT'),(19,'link for erd','<p><a target=\"_blank\" rel=\"noopener noreferrer nofollow\" href=\"https://viewer.diagrams.net/?tags=%7B%7D&amp;lightbox=1&amp;highlight=000000&amp;edit=_blank&amp;layers=1&amp;nav=1&amp;title=Untitled%20Diagram.drawio&amp;dark=0#R%3Cmxfile%3E%3Cdiagram%20id%3D%22R2lEEEUBdFMjLlhIrx00%22%20name%3D%22Page-1%22%3E7V3bcqNIEv0aP8pBcdej292e3djtiY7uiZnpJwcGLLGNhBYhX%2Fbrt7AoJDKxhUqqC6CIiR5RQliqPJWVefJSV9bt4uW3PFjNv2ZRnF6ZRvRyZX2%2BMk3Tsaf0f%2BXIazViG952ZJYn0XaM7AZ%2BJP%2BLq0GjGt0kUbxu3FhkWVokq%2BZgmC2XcVg0xoI8z56btz1mafOvroJZjAZ%2BhEGKR%2F9KomK%2BHfUdYzf%2BjziZzdlfJkb1ziJgN1cD63kQZc%2BNofiluMuWRfUVv8X5IljGy4K%2B8zXIf8X5lfNlXhTlL725Mu%2Fof4%2Fl3dezLJulcbBK1tdhtqDD4ZrecvcYLJK0nOe9B32qHkT%2FnPXlyrrNs6zYvlq83MZpKSwmhu13unvn3Xoe8vK5HT5wT1IrfP65eI7%2F%2Bvnn19%2FXM%2BM%2F9sTcPuUpSDfV%2FF6Zbkqf96n8ZfT1rHxNv%2F86W7J3qp%2FN3qwms3hlEnqeJ0X8YxWE5fUzhSG9aV4sUnpF6MsgTWZL%2Bjqk35tOxPYv3bGp%2BiNZUHSZxu%2FxM%2F33e0bnrbqlgiKxy%2BskTW%2BzNKMf%2F7zMlnH9NZ7ivIhf3p0hUs87XSBxtoiL%2FJXeUn1gQoiz%2FUy1OCY2Q%2F3zDmo1oOZ7MLOrsaCCzqx%2B%2BE4i9EUllCMEZCEBrd6EcU8%2FBSeePo6uwnIyeETwo3qQrZVI6pmtReKpFomNRPKY5Ovifhks4jPLRA8ZEA%2FIwDFVy8BBMkiDIYvA0U4CLpIAtQuWRVK83seLIEmHKAZLO13kISnchGG2KXfnwezK5jXYlYly8Pto2oPttI9kW669ASYSU7mhxL7AnkwGq4fQ9BNX%2BfQTNP2bdZwPdUOGEpgqn3%2Fsya2C9fo5y6P7ebCej0EIE%2FWrALtreZaOYgVQDaB89rFnlqzvg2iRLMcgAVv5%2FGOvLMzjoIij%2BwAbpAOUwET9EsBuGZ74ZXRTErG7qdib7JxasVFc%2FgmDXoWb%2FOntonwrjmYxs0azvJhns2wZpF92o5%2FotOWvf5efpSZ7dfmTfbq8%2BPxSPXh79cquXpLi773XP3ePoFe7D5UX7DPnBEH5yz6GAJ3AbJOH8QdTX010EeSzuPjgPqsdUnmcBkXy1PwebfioPvotS96I6RcAMwZFywAY2%2F6A6mPmHk8MnmS6h560%2FYnoSW%2BArX%2FRCRjGTm2fMHxtOvswHiaIbSEg9oGjb7mcGIZ62ZYNYUwQ9ArC3ggg7AiB8OQg9LpiePJu5EMWiKd9BjEZgy3hirElIIb59TCMW9iWXAybam0JDru2xj3ZR%2F3eIngH99phmIHoIIg9ISA2fRg3MKcup0VswEcRXzKM1doTo4axpRbGHsKeyauM0YqQjWK1BkUbirthmBnEXW0Q%2FUDc1aAQBGLHA8ib8mJ4WmNYEmgtHNi6gFYOaB2loCUeBK3J68oRAjWvI1fzWrrQwsdB8nj06wdiWy2ITeCAmZBE6IphG3JzRDKEsfHwr2X2vKRDN2sE5vU8WJUv83m2eNjQb%2FhpFecUDm8BJDb6bTfU3xgUylm2LByEmlb37MegoAo6X34szsRRsWNed%2BcwebmmNcV8wX7HQ5qFv9jgXZKyX6OdSvI6aqTtijufSmIA5dVAntUEOrQhBSsgWwtDsElreh2dcIBr4xhcZ6t4CWCt5U7b1cU5N6xrzwTmAsAgf2drEaYZy2abbHM41mLfmH%2BWR6nKU3fNBvZMg5MzBUkEkml%2FG%2Bfh6YDgQ3p3EAj2lQLYIk0AW7zWBgxdEdkQxsmMNxuKtvx7%2FN9NvB5QgQcBge66GlddhR%2BmS6j5U2ywnzmAJEYfzL7yVHYbx2zzLeaHm0hqaCeEnmcw9TiBye7qoNtisvBco7mF2rwBRxsodul%2BTK8TmPqNYVcthq3pmXI%2FLOCMI40rGMMOZp2%2Bs80QgXk8rLcJciJaOG9iyCS9HV04E%2BG6ppfkIPOmDmcFv4O7U%2FURaKGBUm866yNoKUqOJDvHMSsVPvqIc%2FordEa0o5YohD47b2oENBEl57g7mGX5tnlIk5DOTYarRnu7X1K4wA4yqj1MB1eLrjYPI2mgMfFgvZ6pvHjdwaxXkRTDrF5vmX%2FltbtOW63CtuVelDyxdnshnZ%2F4rfsea8a39%2BY4RKW%2B24mD2bEoS0Yy%2B%2BoXCuZ1NvkgG%2F3g2VcOffYF9ib%2FV7I896at5%2BwT5S02WHh%2BPzK1eVgkxXBjIy0aSLkUWrqyll7Dej4eKahfCth1G26QFk2%2F8gChi903PPHiCc8jywvbM2zMnqXYOJ3ZTEFNDlyQc45g1rnJAUz%2BmMguSnT1KI254PhDHItpdDCxAPp4k8UmdYy8tlEkp4u5ejRNusD4QxiL4eInltNumx0PY5R6Djt%2FiIaxHmlHZ4HxYFHsC0IxyBlHKrQ7jIFal62L9cg7uoD4oxvFVAEhQ4DbonAg9yQXw57aarcLhrt0%2FzLFYNg5n3cH7QnZ3p2H%2BdILjHWDsZiOuMi54025QjoddWASDWI9qtnOAuIDFcs9RrGYROZdw47aDuCFMfQSieQCeg8T9hcYawdjQxCMQXk8gfZsdxjDVFrJGfkeDnz8YCFYOvzpFYF6PGn5E8uHBBIb2A9Usf1TSma%2Bp5bg52E4eXXVsPvReGKCWfBwS%2B4NFh0GIlsxadHr%2BJi%2B27t0%2FhNwXv0O7UtQOm%2FBonDuN%2BHJza7CTjem3IacHg4R%2FJGtkhBhvb%2B7qAsYGA3OGcWUdlFO%2BmjS9UFswlFePsHsqv3DtrJomMn6cD04yrNgfUyPP27SdMAHUDvaLQA9qN1zHHXWLy6BYf%2BwISMoUAyjCg53fALY%2Fo7kIJuvB7E7xgYVbPtUBmLIlDi8XVYmNrBNbMm8rq8Hr3uOc6L6hWFmlCvDMAyM8StiG3Sxlq6JManbqAM32l3METG7LqC3Wrv0OS0GIMwgPJ8BqAex29gFyYca5D1dZRzQVb3ku%2FzOx3eI2mERTwWIqu4hp%2FewL0s7acHsgpNtL1A%2Fntr1RR06CpMEYDTtiIwttSfd%2Be%2Byu8bN42OyTIpRx1cBEWa1bcKkZRMWFl319TjTjWcTPiW42hfN5Hfuxi3JReA%2FDhlu57KPkmV%2FXjXSL5vwaWkEvihWErYy40a6D3qXSu6JNsWxjXWY5YOMa0Cdorz1%2FBRHNdJgXdxvVlHQ1vJ1eDKwlAe7pxq2NhjF4TfTrpElYTrca6pe1%2BZsGz2B5yW6kgnNqYZtDcaBYVM1hu1mopfLJH88FwAMEUTvi8Ywpr2apPz2QByE6xHxATY8dc5qy8uQSstP1Zbwqzr%2Bsy9uUmeuciqqWcWB4vzuWyz0k6DDJVo9aUJ9XQiB0w4EFQZ0QH1x15%2BagPWVbErWztce0IO3nfc%2By6MY778D8EknDiyCt1uPGJHplhJDbU%2BGozMXR7WvTrvyjxVoBOgbF9qC3AoHnJ6Ea6KEqxxMg%2F07%2BYUpyBGZ%2BtBuam3EPW1TSM77UDpRIanNX60tII%2FHAmrYP8OM%2FnW29av1dn6dBMld7hQceELmRHIKDjHUZrlyVFcKgizvChJ8bjrbMRSdh4QAanqcSIcV9JI7MBJDD%2BYYnp2uyGjk4qQFI71rTocjqCUNbCSDHNLuWh0kVkr3bPVIrGxg60BrmVGlL3X3qQQFU0zjnYNGTyZx5GMd8%2FJ%2FJqVsx%2BtSQT%2FXu66u1XlUmFNOqd872FNFUPcV5WXFtVfdp8i5aOPnmEpPwcZP15o3cS4tDDuxnuXHZ7QCU1%2B2pU8wn%2FxEd4QBaxtguLb1JpOsbDDPqULZ6BEObCM5PmbzdPG0qqUkQNnA1rMGeMYRXZvMxpMknxtOCOaKWfrOpbKnbEVhXoOgS33Uu7LWiYRoQXpeSmxPzHCoFt%2FZ1RMsFpzwJ%2FMQGLyUnGtIiNqk79Ogbg4f6%2FUGoojgd2D8CXZZ6dwmFC0a6VsxZviHXmOCmOaJqbyHHCGYfR5sodWuEfQrlIhCAWiRqnx6x9xBJlTVy0OZeQMTbizeis6pdcBMEq7x9UhV7kwijsqK727ZVDv32YEObW%2FicFKavq8Y6CamNKng0jjcVgwByPd3N7Vgtony88AJUymNhsRs6sfSJxqePFnPt0K5YA6nSIp0mFYmmn8N1gUmFqJ4HebJqlUnDVEKlgarAPu8yfo%2Bih%2BDTTrMYBc8y9nSYClgh5cKYfVW0ztIGcASMB1kgH3eMI9L3mewUV%2BinxB6eUK08CwTU5s0E3bnYZdsK7nzR34JzDxkzeI5Mg9BDFl26QTbiC5of48MOXQgnD5oF5RSDvrucDNtqAub7OZpxFJbpNsHsPcF64Ka9cKcHou7WS8k7izZGYSWHgeYNMGu2orpHsHXB%2BpieGWo1rlj5litS0e6loecXLDOgXVBBaCwNTf3WSgE2Ou24UrGuh79Ly9YPx3rkk5g4zdhENhll8VZmBi%2B3fJhV2M%2FzB1KmbTR%2BFJPGyCWHgW7zY4jfLkMw0za6a6bLEE2Jzyeus7sPVk3SacStEhP2%2FfdJeTeP6RZ%2BAtAnegI9c7ZaYKATsCB7txNGEBiJixuFo5yHAvZT9kx%2FlnEizHvwjCOWycU7O%2FCdtsuLKxK3VZK6Avva3Sc9tLQQWBLqoODIKpuESgVbu3kAgZJdlmQrZTOv0D9bB3utmvi%2FEiHuU7QSOSnOKeSN2LbRFAPomjAeSHQUVDfDsBWGk%2FRrGGgdu0Aum%2Br26Ukflsl3EY%2FLMc6n9lPL%2FMsK%2FZvp1ph%2FjWL4vKO%2FwM%3D%3C%2Fdiagram%3E%3C%2Fmxfile%3E#%7B%22pageId%22%3A%22R2lEEEUBdFMjLlhIrx00%22%7D\">https://viewer.diagrams.net/?tags=%7B%7D&amp;lightbox=1&amp;highlight=000000&amp;edit=_blank&amp;layers=1&amp;nav=1&amp;title=Untitled%20Diagram.drawio&amp;dark=0#R%3Cmxfile%3E%3Cdiagram%20id%3D%22R2lEEEUBdFMjLlhIrx00%22%20name%3D%22Page-1%22%3E7V3bcqNIEv0aP8pBcdej292e3djtiY7uiZnpJwcGLLGNhBYhX%2Fbrt7AoJDKxhUqqC6CIiR5RQliqPJWVefJSV9bt4uW3PFjNv2ZRnF6ZRvRyZX2%2BMk3Tsaf0f%2BXIazViG952ZJYn0XaM7AZ%2BJP%2BLq0GjGt0kUbxu3FhkWVokq%2BZgmC2XcVg0xoI8z56btz1mafOvroJZjAZ%2BhEGKR%2F9KomK%2BHfUdYzf%2BjziZzdlfJkb1ziJgN1cD63kQZc%2BNofiluMuWRfUVv8X5IljGy4K%2B8zXIf8X5lfNlXhTlL725Mu%2Fof4%2Fl3dezLJulcbBK1tdhtqDD4ZrecvcYLJK0nOe9B32qHkT%2FnPXlyrrNs6zYvlq83MZpKSwmhu13unvn3Xoe8vK5HT5wT1IrfP65eI7%2F%2Bvnn19%2FXM%2BM%2F9sTcPuUpSDfV%2FF6Zbkqf96n8ZfT1rHxNv%2F86W7J3qp%2FN3qwms3hlEnqeJ0X8YxWE5fUzhSG9aV4sUnpF6MsgTWZL%2Bjqk35tOxPYv3bGp%2BiNZUHSZxu%2FxM%2F33e0bnrbqlgiKxy%2BskTW%2BzNKMf%2F7zMlnH9NZ7ivIhf3p0hUs87XSBxtoiL%2FJXeUn1gQoiz%2FUy1OCY2Q%2F3zDmo1oOZ7MLOrsaCCzqx%2B%2BE4i9EUllCMEZCEBrd6EcU8%2FBSeePo6uwnIyeETwo3qQrZVI6pmtReKpFomNRPKY5Ovifhks4jPLRA8ZEA%2FIwDFVy8BBMkiDIYvA0U4CLpIAtQuWRVK83seLIEmHKAZLO13kISnchGG2KXfnwezK5jXYlYly8Pto2oPttI9kW669ASYSU7mhxL7AnkwGq4fQ9BNX%2BfQTNP2bdZwPdUOGEpgqn3%2Fsya2C9fo5y6P7ebCej0EIE%2FWrALtreZaOYgVQDaB89rFnlqzvg2iRLMcgAVv5%2FGOvLMzjoIij%2BwAbpAOUwET9EsBuGZ74ZXRTErG7qdib7JxasVFc%2FgmDXoWb%2FOntonwrjmYxs0azvJhns2wZpF92o5%2FotOWvf5efpSZ7dfmTfbq8%2BPxSPXh79cquXpLi773XP3ePoFe7D5UX7DPnBEH5yz6GAJ3AbJOH8QdTX010EeSzuPjgPqsdUnmcBkXy1PwebfioPvotS96I6RcAMwZFywAY2%2F6A6mPmHk8MnmS6h560%2FYnoSW%2BArX%2FRCRjGTm2fMHxtOvswHiaIbSEg9oGjb7mcGIZ62ZYNYUwQ9ArC3ggg7AiB8OQg9LpiePJu5EMWiKd9BjEZgy3hirElIIb59TCMW9iWXAybam0JDru2xj3ZR%2F3eIngH99phmIHoIIg9ISA2fRg3MKcup0VswEcRXzKM1doTo4axpRbGHsKeyauM0YqQjWK1BkUbirthmBnEXW0Q%2FUDc1aAQBGLHA8ib8mJ4WmNYEmgtHNi6gFYOaB2loCUeBK3J68oRAjWvI1fzWrrQwsdB8nj06wdiWy2ITeCAmZBE6IphG3JzRDKEsfHwr2X2vKRDN2sE5vU8WJUv83m2eNjQb%2FhpFecUDm8BJDb6bTfU3xgUylm2LByEmlb37MegoAo6X34szsRRsWNed%2BcwebmmNcV8wX7HQ5qFv9jgXZKyX6OdSvI6aqTtijufSmIA5dVAntUEOrQhBSsgWwtDsElreh2dcIBr4xhcZ6t4CWCt5U7b1cU5N6xrzwTmAsAgf2drEaYZy2abbHM41mLfmH%2BWR6nKU3fNBvZMg5MzBUkEkml%2FG%2Bfh6YDgQ3p3EAj2lQLYIk0AW7zWBgxdEdkQxsmMNxuKtvx7%2FN9NvB5QgQcBge66GlddhR%2BmS6j5U2ywnzmAJEYfzL7yVHYbx2zzLeaHm0hqaCeEnmcw9TiBye7qoNtisvBco7mF2rwBRxsodul%2BTK8TmPqNYVcthq3pmXI%2FLOCMI40rGMMOZp2%2Bs80QgXk8rLcJciJaOG9iyCS9HV04E%2BG6ppfkIPOmDmcFv4O7U%2FURaKGBUm866yNoKUqOJDvHMSsVPvqIc%2FordEa0o5YohD47b2oENBEl57g7mGX5tnlIk5DOTYarRnu7X1K4wA4yqj1MB1eLrjYPI2mgMfFgvZ6pvHjdwaxXkRTDrF5vmX%2FltbtOW63CtuVelDyxdnshnZ%2F4rfsea8a39%2BY4RKW%2B24mD2bEoS0Yy%2B%2BoXCuZ1NvkgG%2F3g2VcOffYF9ib%2FV7I896at5%2BwT5S02WHh%2BPzK1eVgkxXBjIy0aSLkUWrqyll7Dej4eKahfCth1G26QFk2%2F8gChi903PPHiCc8jywvbM2zMnqXYOJ3ZTEFNDlyQc45g1rnJAUz%2BmMguSnT1KI254PhDHItpdDCxAPp4k8UmdYy8tlEkp4u5ejRNusD4QxiL4eInltNumx0PY5R6Djt%2FiIaxHmlHZ4HxYFHsC0IxyBlHKrQ7jIFal62L9cg7uoD4oxvFVAEhQ4DbonAg9yQXw57aarcLhrt0%2FzLFYNg5n3cH7QnZ3p2H%2BdILjHWDsZiOuMi54025QjoddWASDWI9qtnOAuIDFcs9RrGYROZdw47aDuCFMfQSieQCeg8T9hcYawdjQxCMQXk8gfZsdxjDVFrJGfkeDnz8YCFYOvzpFYF6PGn5E8uHBBIb2A9Usf1TSma%2Bp5bg52E4eXXVsPvReGKCWfBwS%2B4NFh0GIlsxadHr%2BJi%2B27t0%2FhNwXv0O7UtQOm%2FBonDuN%2BHJza7CTjem3IacHg4R%2FJGtkhBhvb%2B7qAsYGA3OGcWUdlFO%2BmjS9UFswlFePsHsqv3DtrJomMn6cD04yrNgfUyPP27SdMAHUDvaLQA9qN1zHHXWLy6BYf%2BwISMoUAyjCg53fALY%2Fo7kIJuvB7E7xgYVbPtUBmLIlDi8XVYmNrBNbMm8rq8Hr3uOc6L6hWFmlCvDMAyM8StiG3Sxlq6JManbqAM32l3METG7LqC3Wrv0OS0GIMwgPJ8BqAex29gFyYca5D1dZRzQVb3ku%2FzOx3eI2mERTwWIqu4hp%2FewL0s7acHsgpNtL1A%2Fntr1RR06CpMEYDTtiIwttSfd%2Be%2Byu8bN42OyTIpRx1cBEWa1bcKkZRMWFl319TjTjWcTPiW42hfN5Hfuxi3JReA%2FDhlu57KPkmV%2FXjXSL5vwaWkEvihWErYy40a6D3qXSu6JNsWxjXWY5YOMa0Cdorz1%2FBRHNdJgXdxvVlHQ1vJ1eDKwlAe7pxq2NhjF4TfTrpElYTrca6pe1%2BZsGz2B5yW6kgnNqYZtDcaBYVM1hu1mopfLJH88FwAMEUTvi8Ywpr2apPz2QByE6xHxATY8dc5qy8uQSstP1Zbwqzr%2Bsy9uUmeuciqqWcWB4vzuWyz0k6DDJVo9aUJ9XQiB0w4EFQZ0QH1x15%2BagPWVbErWztce0IO3nfc%2By6MY778D8EknDiyCt1uPGJHplhJDbU%2BGozMXR7WvTrvyjxVoBOgbF9qC3AoHnJ6Ea6KEqxxMg%2F07%2BYUpyBGZ%2BtBuam3EPW1TSM77UDpRIanNX60tII%2FHAmrYP8OM%2FnW29av1dn6dBMld7hQceELmRHIKDjHUZrlyVFcKgizvChJ8bjrbMRSdh4QAanqcSIcV9JI7MBJDD%2BYYnp2uyGjk4qQFI71rTocjqCUNbCSDHNLuWh0kVkr3bPVIrGxg60BrmVGlL3X3qQQFU0zjnYNGTyZx5GMd8%2FJ%2FJqVsx%2BtSQT%2FXu66u1XlUmFNOqd872FNFUPcV5WXFtVfdp8i5aOPnmEpPwcZP15o3cS4tDDuxnuXHZ7QCU1%2B2pU8wn%2FxEd4QBaxtguLb1JpOsbDDPqULZ6BEObCM5PmbzdPG0qqUkQNnA1rMGeMYRXZvMxpMknxtOCOaKWfrOpbKnbEVhXoOgS33Uu7LWiYRoQXpeSmxPzHCoFt%2FZ1RMsFpzwJ%2FMQGLyUnGtIiNqk79Ogbg4f6%2FUGoojgd2D8CXZZ6dwmFC0a6VsxZviHXmOCmOaJqbyHHCGYfR5sodWuEfQrlIhCAWiRqnx6x9xBJlTVy0OZeQMTbizeis6pdcBMEq7x9UhV7kwijsqK727ZVDv32YEObW%2FicFKavq8Y6CamNKng0jjcVgwByPd3N7Vgtony88AJUymNhsRs6sfSJxqePFnPt0K5YA6nSIp0mFYmmn8N1gUmFqJ4HebJqlUnDVEKlgarAPu8yfo%2Bih%2BDTTrMYBc8y9nSYClgh5cKYfVW0ztIGcASMB1kgH3eMI9L3mewUV%2BinxB6eUK08CwTU5s0E3bnYZdsK7nzR34JzDxkzeI5Mg9BDFl26QTbiC5of48MOXQgnD5oF5RSDvrucDNtqAub7OZpxFJbpNsHsPcF64Ka9cKcHou7WS8k7izZGYSWHgeYNMGu2orpHsHXB%2BpieGWo1rlj5litS0e6loecXLDOgXVBBaCwNTf3WSgE2Ou24UrGuh79Ly9YPx3rkk5g4zdhENhll8VZmBi%2B3fJhV2M%2FzB1KmbTR%2BFJPGyCWHgW7zY4jfLkMw0za6a6bLEE2Jzyeus7sPVk3SacStEhP2%2FfdJeTeP6RZ%2BAtAnegI9c7ZaYKATsCB7txNGEBiJixuFo5yHAvZT9kx%2FlnEizHvwjCOWycU7O%2FCdtsuLKxK3VZK6Avva3Sc9tLQQWBLqoODIKpuESgVbu3kAgZJdlmQrZTOv0D9bB3utmvi%2FEiHuU7QSOSnOKeSN2LbRFAPomjAeSHQUVDfDsBWGk%2FRrGGgdu0Aum%2Br26Ukflsl3EY%2FLMc6n9lPL%2FMsK%2FZvp1ph%2FjWL4vKO%2FwM%3D%3C%2Fdiagram%3E%3C%2Fmxfile%3E#%7B%22pageId%22%3A%22R2lEEEUBdFMjLlhIrx00%22%7D</a></p>',NULL,NULL,'BLOG',1,'2025-08-09 18:24:22',NULL,'DRAFT'),(20,'Lie algebroids, quantum Poisson algebroids, and Lie algebroid connections','<p>In this paper, we consider Lie algebroids over commutative ringed spaces. Lie algebroids over ringed spaces unify the existing notion of Lie algebroids over smooth manifolds, complex manifolds, analytic spaces, algebraic varieties, and schemes. We show that the universal enveloping algebroid of a Lie algebroid possesses a natural filtration that yields a structure of a sheaf of quantum Poisson algebras. We establish a bijective correspondence between sheaves of quantum Poisson algebras and Lie algebroids. We show that this correspondence leads to an adjunction between the two categories. We discuss this bijective correspondence in particular cases of Lie algebroids over ringed spaces and highlight the subsequent results. To characterize non-flat Lie algebroid connections, we construct a sheaf of twisted universal enveloping algebras for a Lie algebroid using Lie algebroid (hyper) cohomology. We show that our construction yields some of the existing constructions for Lie-Rinehart algebras and holomorphic Lie algebroids. As another application, we study the deformation groupoid of a Lie algebroid using the second hypercohomology of the Lie algebroid.</p>','https://arxiv.org/abs/2508.05542','https://arxiv.org/pdf/2508.05542','PAPER',31,'2025-08-09 22:17:16','2025-08-07 07:00:00','PUBLISHED');
/*!40000 ALTER TABLE `publication` ENABLE KEYS */;
UNLOCK TABLES;

--
-- Table structure for table `publication_author`
--

DROP TABLE IF EXISTS `publication_author`;
/*!40101 SET @saved_cs_client     = @@character_set_client */;
/*!50503 SET character_set_client = utf8mb4 */;
CREATE TABLE `publication_author` (
  `pub_id` int NOT NULL,
  `person_id` int NOT NULL,
  `author_order` int NOT NULL,
  PRIMARY KEY (`pub_id`,`person_id`),
  KEY `idx_pub_author` (`person_id`),
  CONSTRAINT `publication_author_ibfk_1` FOREIGN KEY (`pub_id`) REFERENCES `publication` (`pub_id`) ON DELETE RESTRICT,
  CONSTRAINT `publication_author_ibfk_2` FOREIGN KEY (`person_id`) REFERENCES `person` (`person_id`) ON DELETE RESTRICT
) ENGINE=InnoDB DEFAULT CHARSET=utf8mb4 COLLATE=utf8mb4_0900_ai_ci;
/*!40101 SET character_set_client = @saved_cs_client */;

--
-- Dumping data for table `publication_author`
--

LOCK TABLES `publication_author` WRITE;
/*!40000 ALTER TABLE `publication_author` DISABLE KEYS */;
INSERT INTO `publication_author` VALUES (1,11,1),(2,1,1),(3,1,1),(3,12,2),(3,13,3),(6,15,1),(6,16,2),(7,17,1),(7,18,2),(11,27,1),(11,28,2),(11,29,3),(11,30,4),(11,31,5),(11,32,6),(11,33,7),(11,34,8),(12,31,1),(12,32,4),(12,35,2),(12,36,3),(13,37,1),(13,38,2),(14,40,1),(14,41,2),(14,42,3),(14,43,4),(15,44,1),(15,45,2),(15,46,3),(16,47,1),(17,1,1),(17,55,2),(20,61,1),(20,62,2);
/*!40000 ALTER TABLE `publication_author` ENABLE KEYS */;
UNLOCK TABLES;

--
-- Table structure for table `publication_like`
--

DROP TABLE IF EXISTS `publication_like`;
/*!40101 SET @saved_cs_client     = @@character_set_client */;
/*!50503 SET character_set_client = utf8mb4 */;
CREATE TABLE `publication_like` (
  `account_id` int NOT NULL,
  `pub_id` int NOT NULL,
  `liked_at` datetime NOT NULL DEFAULT CURRENT_TIMESTAMP,
  PRIMARY KEY (`account_id`,`pub_id`),
  KEY `idx_like_pub` (`pub_id`),
  CONSTRAINT `publication_like_ibfk_1` FOREIGN KEY (`account_id`) REFERENCES `account` (`account_id`) ON DELETE CASCADE,
  CONSTRAINT `publication_like_ibfk_2` FOREIGN KEY (`pub_id`) REFERENCES `publication` (`pub_id`) ON DELETE RESTRICT
) ENGINE=InnoDB DEFAULT CHARSET=utf8mb4 COLLATE=utf8mb4_0900_ai_ci;
/*!40101 SET character_set_client = @saved_cs_client */;

--
-- Dumping data for table `publication_like`
--

LOCK TABLES `publication_like` WRITE;
/*!40000 ALTER TABLE `publication_like` DISABLE KEYS */;
INSERT INTO `publication_like` VALUES (1,1,'2025-08-05 02:29:12'),(1,3,'2025-08-04 04:04:22'),(1,6,'2025-08-05 00:14:38'),(1,16,'2025-08-05 23:08:41'),(13,3,'2025-08-04 00:37:04'),(13,6,'2025-08-04 00:36:07'),(13,7,'2025-08-04 00:19:23'),(14,2,'2025-08-04 09:03:39'),(14,7,'2025-08-04 01:54:53'),(16,2,'2025-08-04 19:28:04'),(18,1,'2025-08-05 04:14:31'),(18,2,'2025-08-08 20:00:41'),(21,7,'2025-08-05 12:00:38'),(23,15,'2025-08-05 13:10:17'),(24,2,'2025-08-05 13:26:09'),(24,7,'2025-08-05 13:26:22'),(27,6,'2025-08-05 23:00:45'),(27,13,'2025-08-05 23:00:54'),(27,14,'2025-08-05 22:34:00'),(27,16,'2025-08-05 22:59:58'),(27,17,'2025-08-05 23:00:49'),(31,14,'2025-08-09 21:49:24'),(31,16,'2025-08-09 21:59:02');
/*!40000 ALTER TABLE `publication_like` ENABLE KEYS */;
UNLOCK TABLES;

--
-- Table structure for table `publication_topic`
--

DROP TABLE IF EXISTS `publication_topic`;
/*!40101 SET @saved_cs_client     = @@character_set_client */;
/*!50503 SET character_set_client = utf8mb4 */;
CREATE TABLE `publication_topic` (
  `pub_id` int NOT NULL,
  `topic_id` int NOT NULL,
  PRIMARY KEY (`pub_id`,`topic_id`),
  KEY `idx_pub_topic` (`topic_id`),
  CONSTRAINT `publication_topic_ibfk_1` FOREIGN KEY (`pub_id`) REFERENCES `publication` (`pub_id`) ON DELETE RESTRICT,
  CONSTRAINT `publication_topic_ibfk_2` FOREIGN KEY (`topic_id`) REFERENCES `topic` (`topic_id`) ON DELETE CASCADE
) ENGINE=InnoDB DEFAULT CHARSET=utf8mb4 COLLATE=utf8mb4_0900_ai_ci;
/*!40101 SET character_set_client = @saved_cs_client */;

--
-- Dumping data for table `publication_topic`
--

LOCK TABLES `publication_topic` WRITE;
/*!40000 ALTER TABLE `publication_topic` DISABLE KEYS */;
INSERT INTO `publication_topic` VALUES (16,2),(11,3),(12,3),(1,4),(14,4),(15,4),(2,7),(20,10),(16,21),(3,24),(2,25),(17,26),(1,33),(1,34),(13,34),(17,34),(14,35),(17,35),(6,36),(16,36),(6,37),(13,37),(14,37),(7,38),(7,39),(7,40),(13,43),(20,43),(15,45),(20,45),(15,46);
/*!40000 ALTER TABLE `publication_topic` ENABLE KEYS */;
UNLOCK TABLES;

--
-- Table structure for table `publication_view`
--

DROP TABLE IF EXISTS `publication_view`;
/*!40101 SET @saved_cs_client     = @@character_set_client */;
/*!50503 SET character_set_client = utf8mb4 */;
CREATE TABLE `publication_view` (
  `account_id` int NOT NULL,
  `pub_id` int NOT NULL,
  `viewed_at` datetime NOT NULL DEFAULT CURRENT_TIMESTAMP,
  PRIMARY KEY (`account_id`,`pub_id`,`viewed_at`),
  KEY `idx_view_pub` (`pub_id`),
  CONSTRAINT `publication_view_ibfk_1` FOREIGN KEY (`account_id`) REFERENCES `account` (`account_id`) ON DELETE CASCADE,
  CONSTRAINT `publication_view_ibfk_2` FOREIGN KEY (`pub_id`) REFERENCES `publication` (`pub_id`) ON DELETE RESTRICT
) ENGINE=InnoDB DEFAULT CHARSET=utf8mb4 COLLATE=utf8mb4_0900_ai_ci;
/*!40101 SET character_set_client = @saved_cs_client */;

--
-- Dumping data for table `publication_view`
--

LOCK TABLES `publication_view` WRITE;
/*!40000 ALTER TABLE `publication_view` DISABLE KEYS */;
INSERT INTO `publication_view` VALUES (1,1,'2025-08-03 06:30:39'),(1,1,'2025-08-03 06:30:58'),(1,1,'2025-08-03 06:31:03'),(1,1,'2025-08-03 06:31:39'),(1,1,'2025-08-03 06:31:54'),(1,1,'2025-08-03 06:32:00'),(1,1,'2025-08-03 06:50:34'),(1,1,'2025-08-03 07:42:15'),(1,1,'2025-08-03 07:42:19'),(1,1,'2025-08-03 07:47:54'),(1,1,'2025-08-03 07:49:10'),(1,1,'2025-08-03 07:53:36'),(1,1,'2025-08-03 08:00:12'),(1,1,'2025-08-03 08:34:19'),(1,1,'2025-08-03 08:43:21'),(1,1,'2025-08-03 08:43:53'),(1,1,'2025-08-03 08:44:24'),(1,1,'2025-08-03 08:48:41'),(1,1,'2025-08-03 08:54:19'),(1,1,'2025-08-03 09:02:59'),(1,1,'2025-08-03 09:03:06'),(1,1,'2025-08-03 09:05:56'),(1,1,'2025-08-03 17:16:44'),(1,1,'2025-08-03 17:16:57'),(1,1,'2025-08-03 17:17:01'),(1,1,'2025-08-03 17:53:38'),(1,1,'2025-08-03 17:54:00'),(1,1,'2025-08-03 17:55:19'),(1,1,'2025-08-03 18:02:32'),(1,1,'2025-08-03 18:04:10'),(1,1,'2025-08-03 18:32:17'),(1,1,'2025-08-03 18:33:36'),(1,1,'2025-08-03 18:35:13'),(1,1,'2025-08-03 18:36:22'),(1,1,'2025-08-03 18:36:29'),(1,1,'2025-08-03 19:01:16'),(1,1,'2025-08-03 19:07:43'),(1,1,'2025-08-03 19:12:07'),(1,1,'2025-08-03 19:12:30'),(1,1,'2025-08-04 00:38:53'),(1,1,'2025-08-04 00:39:00'),(1,1,'2025-08-04 00:39:14'),(1,1,'2025-08-04 00:49:16'),(1,1,'2025-08-04 00:49:25'),(1,1,'2025-08-04 00:49:44'),(1,1,'2025-08-04 01:45:56'),(1,1,'2025-08-04 01:45:58'),(1,1,'2025-08-04 01:46:01'),(1,1,'2025-08-04 01:46:04'),(1,1,'2025-08-04 02:42:07'),(1,1,'2025-08-04 04:12:14'),(1,1,'2025-08-04 04:17:22'),(1,1,'2025-08-04 04:17:52'),(1,1,'2025-08-04 17:44:36'),(1,1,'2025-08-04 17:44:43'),(1,1,'2025-08-04 17:44:46'),(1,1,'2025-08-05 01:47:15'),(1,1,'2025-08-05 01:49:24'),(1,1,'2025-08-05 01:49:26'),(1,1,'2025-08-05 01:49:29'),(1,1,'2025-08-05 02:09:04'),(1,1,'2025-08-05 02:09:06'),(1,1,'2025-08-05 02:09:09'),(1,1,'2025-08-05 02:24:13'),(1,1,'2025-08-05 02:24:16'),(1,1,'2025-08-05 02:24:18'),(1,1,'2025-08-05 02:24:24'),(1,1,'2025-08-05 02:24:28'),(1,1,'2025-08-05 02:24:43'),(1,1,'2025-08-05 02:29:04'),(1,1,'2025-08-05 02:29:08'),(1,1,'2025-08-05 02:29:11'),(1,1,'2025-08-05 04:21:43'),(1,1,'2025-08-05 05:46:51'),(1,1,'2025-08-05 23:08:19'),(1,1,'2025-08-05 23:08:37'),(5,1,'2025-08-03 19:25:34'),(5,1,'2025-08-05 04:17:42'),(10,1,'2025-08-03 17:25:22'),(11,1,'2025-08-03 19:32:09'),(11,1,'2025-08-03 19:34:19'),(12,1,'2025-08-03 22:47:29'),(13,1,'2025-08-04 00:36:20'),(13,1,'2025-08-04 00:36:22'),(13,1,'2025-08-04 00:36:23'),(13,1,'2025-08-04 00:36:24'),(13,1,'2025-08-04 00:36:26'),(13,1,'2025-08-04 00:36:27'),(13,1,'2025-08-04 00:36:28'),(13,1,'2025-08-04 00:36:29'),(13,1,'2025-08-04 00:36:31'),(13,1,'2025-08-04 00:36:32'),(13,1,'2025-08-04 00:36:33'),(13,1,'2025-08-04 00:36:34'),(13,1,'2025-08-04 00:36:35'),(13,1,'2025-08-04 00:36:36'),(13,1,'2025-08-04 00:36:38'),(14,1,'2025-08-04 00:54:51'),(14,1,'2025-08-04 01:55:09'),(14,1,'2025-08-04 08:46:21'),(14,1,'2025-08-04 08:46:22'),(14,1,'2025-08-04 09:03:46'),(14,1,'2025-08-04 09:11:57'),(14,1,'2025-08-04 21:36:27'),(14,1,'2025-08-04 21:38:17'),(17,1,'2025-08-05 04:56:33'),(18,1,'2025-08-05 04:14:29'),(18,1,'2025-08-05 12:12:58'),(18,1,'2025-08-05 12:13:02'),(30,1,'2025-08-09 19:27:41'),(1,2,'2025-08-03 06:33:16'),(1,2,'2025-08-03 06:35:07'),(1,2,'2025-08-03 06:35:08'),(1,2,'2025-08-03 06:35:16'),(1,2,'2025-08-03 06:35:46'),(1,2,'2025-08-03 06:36:54'),(1,2,'2025-08-03 06:39:48'),(1,2,'2025-08-03 06:40:04'),(1,2,'2025-08-03 06:40:10'),(1,2,'2025-08-03 06:49:03'),(1,2,'2025-08-03 06:49:04'),(1,2,'2025-08-03 06:49:33'),(1,2,'2025-08-03 06:50:06'),(1,2,'2025-08-03 06:50:54'),(1,2,'2025-08-03 06:51:06'),(1,2,'2025-08-03 06:52:32'),(1,2,'2025-08-03 06:53:48'),(1,2,'2025-08-03 06:54:44'),(1,2,'2025-08-03 06:55:02'),(1,2,'2025-08-03 06:59:03'),(1,2,'2025-08-03 06:59:18'),(1,2,'2025-08-03 07:00:06'),(1,2,'2025-08-03 07:00:27'),(1,2,'2025-08-03 07:04:28'),(1,2,'2025-08-03 07:04:42'),(1,2,'2025-08-03 07:04:43'),(1,2,'2025-08-03 07:04:57'),(1,2,'2025-08-03 07:05:53'),(1,2,'2025-08-03 07:21:01'),(1,2,'2025-08-03 07:21:02'),(1,2,'2025-08-03 07:21:05'),(1,2,'2025-08-03 07:22:06'),(1,2,'2025-08-03 07:22:07'),(1,2,'2025-08-03 07:23:07'),(1,2,'2025-08-03 07:25:21'),(1,2,'2025-08-03 07:25:26'),(1,2,'2025-08-03 07:29:58'),(1,2,'2025-08-03 07:30:54'),(1,2,'2025-08-03 07:31:02'),(1,2,'2025-08-03 07:32:28'),(1,2,'2025-08-03 07:32:29'),(1,2,'2025-08-03 07:32:34'),(1,2,'2025-08-03 07:32:35'),(1,2,'2025-08-03 07:32:41'),(1,2,'2025-08-03 07:32:46'),(1,2,'2025-08-03 07:32:47'),(1,2,'2025-08-03 07:35:25'),(1,2,'2025-08-03 07:35:29'),(1,2,'2025-08-03 07:35:33'),(1,2,'2025-08-03 07:35:36'),(1,2,'2025-08-03 07:35:38'),(1,2,'2025-08-03 07:35:45'),(1,2,'2025-08-03 07:35:58'),(1,2,'2025-08-03 07:39:03'),(1,2,'2025-08-03 07:39:14'),(1,2,'2025-08-03 07:39:28'),(1,2,'2025-08-03 07:44:00'),(1,2,'2025-08-03 07:44:03'),(1,2,'2025-08-03 07:47:35'),(1,2,'2025-08-03 07:47:40'),(1,2,'2025-08-03 07:51:51'),(1,2,'2025-08-03 07:53:45'),(1,2,'2025-08-03 07:54:36'),(1,2,'2025-08-03 07:55:01'),(1,2,'2025-08-03 07:57:37'),(1,2,'2025-08-03 07:58:15'),(1,2,'2025-08-03 07:58:47'),(1,2,'2025-08-03 07:59:04'),(1,2,'2025-08-03 07:59:07'),(1,2,'2025-08-03 08:00:52'),(1,2,'2025-08-03 08:13:24'),(1,2,'2025-08-03 08:13:32'),(1,2,'2025-08-03 08:13:43'),(1,2,'2025-08-03 08:14:10'),(1,2,'2025-08-03 08:14:13'),(1,2,'2025-08-03 08:14:16'),(1,2,'2025-08-03 08:14:39'),(1,2,'2025-08-03 08:15:29'),(1,2,'2025-08-03 08:17:51'),(1,2,'2025-08-03 08:21:12'),(1,2,'2025-08-03 08:21:16'),(1,2,'2025-08-03 08:21:19'),(1,2,'2025-08-03 08:21:29'),(1,2,'2025-08-03 08:24:09'),(1,2,'2025-08-03 08:34:41'),(1,2,'2025-08-03 08:36:20'),(1,2,'2025-08-03 08:36:22'),(1,2,'2025-08-03 08:36:35'),(1,2,'2025-08-03 08:37:14'),(1,2,'2025-08-03 08:38:23'),(1,2,'2025-08-03 08:44:28'),(1,2,'2025-08-03 08:46:34'),(1,2,'2025-08-03 08:48:15'),(1,2,'2025-08-03 08:51:41'),(1,2,'2025-08-03 08:52:38'),(1,2,'2025-08-03 08:54:50'),(1,2,'2025-08-03 08:54:54'),(1,2,'2025-08-03 08:54:58'),(1,2,'2025-08-03 09:00:36'),(1,2,'2025-08-03 09:00:43'),(1,2,'2025-08-03 09:00:49'),(1,2,'2025-08-03 09:00:52'),(1,2,'2025-08-03 09:00:56'),(1,2,'2025-08-03 09:01:00'),(1,2,'2025-08-03 09:01:03'),(1,2,'2025-08-03 09:01:06'),(1,2,'2025-08-03 09:01:14'),(1,2,'2025-08-03 09:01:17'),(1,2,'2025-08-03 09:02:53'),(1,2,'2025-08-03 09:03:48'),(1,2,'2025-08-03 09:05:20'),(1,2,'2025-08-03 09:05:48'),(1,2,'2025-08-03 09:08:05'),(1,2,'2025-08-03 09:12:43'),(1,2,'2025-08-03 09:12:57'),(1,2,'2025-08-03 09:17:07'),(1,2,'2025-08-03 17:19:04'),(1,2,'2025-08-03 18:04:02'),(1,2,'2025-08-03 19:12:17'),(1,2,'2025-08-03 19:12:25'),(1,2,'2025-08-03 19:14:05'),(1,2,'2025-08-04 00:06:00'),(1,2,'2025-08-04 00:49:11'),(1,2,'2025-08-04 00:49:23'),(1,2,'2025-08-04 02:25:26'),(1,2,'2025-08-04 02:27:12'),(1,2,'2025-08-04 02:27:14'),(1,2,'2025-08-04 02:27:15'),(1,2,'2025-08-04 02:27:17'),(1,2,'2025-08-04 02:27:18'),(1,2,'2025-08-04 02:27:20'),(1,2,'2025-08-04 02:27:24'),(1,2,'2025-08-04 02:27:27'),(1,2,'2025-08-04 02:35:32'),(1,2,'2025-08-04 03:52:12'),(1,2,'2025-08-04 03:56:42'),(1,2,'2025-08-04 04:04:31'),(1,2,'2025-08-04 04:04:36'),(1,2,'2025-08-04 04:04:46'),(1,2,'2025-08-04 04:12:02'),(1,2,'2025-08-04 04:12:04'),(1,2,'2025-08-04 04:12:19'),(1,2,'2025-08-04 04:14:45'),(1,2,'2025-08-04 04:14:46'),(1,2,'2025-08-04 04:14:47'),(1,2,'2025-08-04 04:14:48'),(1,2,'2025-08-04 04:14:51'),(1,2,'2025-08-04 04:16:25'),(1,2,'2025-08-04 07:05:43'),(1,2,'2025-08-04 07:10:44'),(1,2,'2025-08-04 17:44:24'),(1,2,'2025-08-04 17:44:29'),(1,2,'2025-08-04 17:44:34'),(1,2,'2025-08-04 19:33:35'),(1,2,'2025-08-04 19:36:04'),(1,2,'2025-08-04 19:36:38'),(1,2,'2025-08-04 21:47:21'),(1,2,'2025-08-04 21:47:24'),(1,2,'2025-08-04 23:43:42'),(1,2,'2025-08-05 01:47:12'),(1,2,'2025-08-05 01:49:12'),(1,2,'2025-08-05 01:49:13'),(1,2,'2025-08-05 01:49:14'),(1,2,'2025-08-05 01:49:15'),(1,2,'2025-08-05 01:49:17'),(1,2,'2025-08-05 02:33:45'),(1,2,'2025-08-05 05:42:29'),(1,2,'2025-08-05 23:08:16'),(1,2,'2025-08-05 23:12:36'),(1,2,'2025-08-05 23:13:00'),(1,2,'2025-08-05 23:13:03'),(1,2,'2025-08-05 23:13:06'),(1,2,'2025-08-08 20:31:19'),(1,2,'2025-08-09 05:09:52'),(11,2,'2025-08-03 19:32:14'),(14,2,'2025-08-04 00:54:31'),(14,2,'2025-08-04 00:55:12'),(14,2,'2025-08-04 01:35:22'),(14,2,'2025-08-04 01:54:04'),(14,2,'2025-08-04 01:54:06'),(14,2,'2025-08-04 01:54:28'),(14,2,'2025-08-04 01:55:34'),(14,2,'2025-08-04 09:03:38'),(14,2,'2025-08-04 09:03:44'),(14,2,'2025-08-04 09:06:05'),(14,2,'2025-08-04 09:06:09'),(14,2,'2025-08-04 09:06:15'),(14,2,'2025-08-04 09:13:22'),(14,2,'2025-08-04 21:37:59'),(16,2,'2025-08-04 19:27:53'),(16,2,'2025-08-04 19:28:03'),(17,2,'2025-08-05 03:54:59'),(18,2,'2025-08-05 04:47:42'),(18,2,'2025-08-05 05:13:33'),(18,2,'2025-08-08 19:59:43'),(18,2,'2025-08-08 20:00:17'),(20,2,'2025-08-05 05:51:59'),(24,2,'2025-08-05 13:25:43'),(25,2,'2025-08-05 13:30:36'),(1,3,'2025-08-03 08:32:48'),(1,3,'2025-08-03 08:33:08'),(1,3,'2025-08-03 08:35:02'),(1,3,'2025-08-03 08:40:37'),(1,3,'2025-08-03 08:42:25'),(1,3,'2025-08-03 08:42:28'),(1,3,'2025-08-03 08:42:34'),(1,3,'2025-08-03 08:43:12'),(1,3,'2025-08-03 08:44:06'),(1,3,'2025-08-03 08:44:08'),(1,3,'2025-08-03 08:44:12'),(1,3,'2025-08-03 08:44:13'),(1,3,'2025-08-03 08:44:17'),(1,3,'2025-08-03 08:44:25'),(1,3,'2025-08-03 08:44:38'),(1,3,'2025-08-03 08:53:34'),(1,3,'2025-08-03 09:03:02'),(1,3,'2025-08-03 09:03:53'),(1,3,'2025-08-03 09:04:39'),(1,3,'2025-08-03 09:04:51'),(1,3,'2025-08-03 09:04:57'),(1,3,'2025-08-03 09:05:51'),(1,3,'2025-08-03 09:07:46'),(1,3,'2025-08-03 09:11:27'),(1,3,'2025-08-03 17:20:59'),(1,3,'2025-08-03 17:21:39'),(1,3,'2025-08-03 19:12:21'),(1,3,'2025-08-04 00:06:26'),(1,3,'2025-08-04 00:40:43'),(1,3,'2025-08-04 00:40:54'),(1,3,'2025-08-04 00:48:59'),(1,3,'2025-08-04 00:49:01'),(1,3,'2025-08-04 00:49:12'),(1,3,'2025-08-04 00:49:18'),(1,3,'2025-08-04 00:49:27'),(1,3,'2025-08-04 00:49:41'),(1,3,'2025-08-04 01:46:42'),(1,3,'2025-08-04 02:06:36'),(1,3,'2025-08-04 02:22:12'),(1,3,'2025-08-04 02:42:08'),(1,3,'2025-08-04 02:42:28'),(1,3,'2025-08-04 03:41:40'),(1,3,'2025-08-04 03:48:35'),(1,3,'2025-08-04 03:48:38'),(1,3,'2025-08-04 04:04:20'),(1,3,'2025-08-04 04:12:07'),(1,3,'2025-08-04 04:12:13'),(1,3,'2025-08-04 04:12:16'),(1,3,'2025-08-04 04:15:01'),(1,3,'2025-08-04 04:15:06'),(1,3,'2025-08-04 04:16:20'),(1,3,'2025-08-04 04:17:44'),(1,3,'2025-08-04 04:39:00'),(1,3,'2025-08-04 04:39:44'),(1,3,'2025-08-04 04:39:46'),(1,3,'2025-08-04 06:11:39'),(1,3,'2025-08-04 06:11:44'),(1,3,'2025-08-04 06:11:45'),(1,3,'2025-08-04 06:11:47'),(1,3,'2025-08-05 01:47:06'),(1,3,'2025-08-05 01:47:08'),(1,3,'2025-08-05 01:49:21'),(1,3,'2025-08-09 05:27:57'),(5,3,'2025-08-04 04:21:58'),(13,3,'2025-08-04 00:37:03'),(14,3,'2025-08-04 00:57:54'),(14,3,'2025-08-04 00:58:42'),(14,3,'2025-08-04 00:58:46'),(14,3,'2025-08-04 00:58:48'),(14,3,'2025-08-04 01:53:55'),(14,3,'2025-08-04 01:55:03'),(14,3,'2025-08-04 01:55:06'),(14,3,'2025-08-04 01:55:35'),(14,3,'2025-08-04 02:03:30'),(14,3,'2025-08-04 09:03:54'),(14,3,'2025-08-04 09:06:40'),(14,3,'2025-08-04 09:11:33'),(14,3,'2025-08-04 09:11:45'),(14,3,'2025-08-04 21:36:48'),(14,3,'2025-08-04 21:38:14'),(18,3,'2025-08-05 03:29:47'),(18,3,'2025-08-05 05:13:31'),(28,3,'2025-08-08 20:34:33'),(1,6,'2025-08-03 19:00:59'),(1,6,'2025-08-03 19:01:14'),(1,6,'2025-08-03 19:07:41'),(1,6,'2025-08-03 19:12:10'),(1,6,'2025-08-03 19:14:22'),(1,6,'2025-08-03 19:14:27'),(1,6,'2025-08-03 19:14:29'),(1,6,'2025-08-04 00:16:57'),(1,6,'2025-08-04 00:38:49'),(1,6,'2025-08-04 00:49:36'),(1,6,'2025-08-04 02:32:21'),(1,6,'2025-08-04 02:33:30'),(1,6,'2025-08-04 02:33:44'),(1,6,'2025-08-04 02:34:09'),(1,6,'2025-08-04 02:34:11'),(1,6,'2025-08-04 02:34:14'),(1,6,'2025-08-04 02:34:24'),(1,6,'2025-08-04 02:35:28'),(1,6,'2025-08-04 02:37:56'),(1,6,'2025-08-04 02:38:28'),(1,6,'2025-08-04 03:16:31'),(1,6,'2025-08-04 03:16:35'),(1,6,'2025-08-04 03:48:59'),(1,6,'2025-08-04 04:04:42'),(1,6,'2025-08-04 04:12:09'),(1,6,'2025-08-04 04:15:31'),(1,6,'2025-08-04 04:15:53'),(1,6,'2025-08-04 05:37:16'),(1,6,'2025-08-04 07:05:41'),(1,6,'2025-08-04 17:44:40'),(1,6,'2025-08-05 00:14:37'),(5,6,'2025-08-03 19:25:31'),(5,6,'2025-08-03 19:25:41'),(5,6,'2025-08-03 19:25:43'),(5,6,'2025-08-05 04:17:30'),(5,6,'2025-08-05 04:17:45'),(5,6,'2025-08-05 04:17:47'),(11,6,'2025-08-03 19:32:07'),(11,6,'2025-08-03 19:34:17'),(12,6,'2025-08-03 22:47:27'),(13,6,'2025-08-04 00:36:05'),(13,6,'2025-08-04 00:36:12'),(13,6,'2025-08-04 00:36:18'),(13,6,'2025-08-04 00:42:02'),(14,6,'2025-08-04 00:57:04'),(14,6,'2025-08-04 01:54:33'),(14,6,'2025-08-04 01:54:50'),(14,6,'2025-08-04 01:55:32'),(14,6,'2025-08-04 09:03:52'),(17,6,'2025-08-04 22:02:44'),(17,6,'2025-08-05 03:55:06'),(18,6,'2025-08-05 05:20:29'),(27,6,'2025-08-05 23:00:44'),(1,7,'2025-08-03 19:06:16'),(1,7,'2025-08-03 19:06:37'),(1,7,'2025-08-03 19:11:03'),(1,7,'2025-08-03 19:11:20'),(1,7,'2025-08-03 19:14:00'),(1,7,'2025-08-03 19:14:32'),(1,7,'2025-08-03 19:14:34'),(1,7,'2025-08-03 19:14:36'),(1,7,'2025-08-03 19:14:37'),(1,7,'2025-08-03 22:48:22'),(1,7,'2025-08-04 00:05:11'),(1,7,'2025-08-04 00:05:13'),(1,7,'2025-08-04 00:05:14'),(1,7,'2025-08-04 00:05:16'),(1,7,'2025-08-04 00:05:17'),(1,7,'2025-08-04 00:05:19'),(1,7,'2025-08-04 00:05:22'),(1,7,'2025-08-04 00:05:24'),(1,7,'2025-08-04 00:05:25'),(1,7,'2025-08-04 00:05:27'),(1,7,'2025-08-04 00:05:28'),(1,7,'2025-08-04 00:16:56'),(1,7,'2025-08-04 00:17:02'),(1,7,'2025-08-04 00:35:17'),(1,7,'2025-08-04 00:38:51'),(1,7,'2025-08-04 00:40:28'),(1,7,'2025-08-04 00:40:32'),(1,7,'2025-08-04 00:48:26'),(1,7,'2025-08-04 00:48:48'),(1,7,'2025-08-04 00:49:33'),(1,7,'2025-08-04 01:47:29'),(1,7,'2025-08-04 01:47:38'),(1,7,'2025-08-04 01:47:42'),(1,7,'2025-08-04 01:47:49'),(1,7,'2025-08-04 01:47:51'),(1,7,'2025-08-04 02:12:52'),(1,7,'2025-08-04 02:25:57'),(1,7,'2025-08-04 02:25:59'),(1,7,'2025-08-04 02:28:27'),(1,7,'2025-08-04 02:28:28'),(1,7,'2025-08-04 02:28:30'),(1,7,'2025-08-04 02:28:33'),(1,7,'2025-08-04 02:28:34'),(1,7,'2025-08-04 02:28:42'),(1,7,'2025-08-04 02:28:44'),(1,7,'2025-08-04 02:35:48'),(1,7,'2025-08-04 02:41:59'),(1,7,'2025-08-04 02:42:25'),(1,7,'2025-08-04 02:42:29'),(1,7,'2025-08-04 02:52:24'),(1,7,'2025-08-04 03:08:54'),(1,7,'2025-08-04 03:14:34'),(1,7,'2025-08-04 03:14:59'),(1,7,'2025-08-04 03:16:27'),(1,7,'2025-08-04 03:16:29'),(1,7,'2025-08-04 03:16:33'),(1,7,'2025-08-04 03:16:36'),(1,7,'2025-08-04 03:52:22'),(1,7,'2025-08-04 03:56:31'),(1,7,'2025-08-04 04:09:53'),(1,7,'2025-08-04 04:09:55'),(1,7,'2025-08-04 04:12:10'),(1,7,'2025-08-04 04:12:18'),(1,7,'2025-08-04 04:17:41'),(1,7,'2025-08-04 04:27:39'),(1,7,'2025-08-04 04:27:42'),(1,7,'2025-08-04 04:33:28'),(1,7,'2025-08-04 04:33:29'),(1,7,'2025-08-04 04:33:30'),(1,7,'2025-08-04 04:33:31'),(1,7,'2025-08-04 04:33:33'),(1,7,'2025-08-04 04:38:57'),(1,7,'2025-08-04 07:05:12'),(1,7,'2025-08-04 09:21:13'),(1,7,'2025-08-04 17:45:45'),(1,7,'2025-08-04 19:34:06'),(1,7,'2025-08-04 19:34:15'),(1,7,'2025-08-04 19:36:56'),(1,7,'2025-08-04 21:47:27'),(1,7,'2025-08-04 21:47:29'),(1,7,'2025-08-04 23:41:54'),(1,7,'2025-08-05 01:06:35'),(1,7,'2025-08-05 01:06:38'),(1,7,'2025-08-05 01:06:39'),(1,7,'2025-08-05 01:47:03'),(1,7,'2025-08-05 01:47:04'),(1,7,'2025-08-05 02:09:23'),(1,7,'2025-08-05 02:11:00'),(1,7,'2025-08-05 02:11:02'),(1,7,'2025-08-05 02:11:05'),(1,7,'2025-08-05 02:11:10'),(1,7,'2025-08-05 02:11:15'),(1,7,'2025-08-05 02:11:19'),(1,7,'2025-08-05 02:11:21'),(1,7,'2025-08-05 02:11:23'),(1,7,'2025-08-05 02:15:24'),(1,7,'2025-08-05 02:15:26'),(1,7,'2025-08-05 02:15:29'),(1,7,'2025-08-05 02:15:35'),(1,7,'2025-08-05 02:15:37'),(1,7,'2025-08-05 02:15:45'),(1,7,'2025-08-05 02:15:47'),(1,7,'2025-08-05 02:15:52'),(1,7,'2025-08-05 02:20:24'),(1,7,'2025-08-05 02:21:12'),(1,7,'2025-08-05 02:21:38'),(1,7,'2025-08-05 02:28:36'),(1,7,'2025-08-05 02:28:38'),(1,7,'2025-08-05 02:33:38'),(1,7,'2025-08-08 20:31:16'),(5,7,'2025-08-03 19:25:21'),(5,7,'2025-08-03 19:25:38'),(5,7,'2025-08-05 04:17:50'),(5,7,'2025-08-05 04:18:03'),(11,7,'2025-08-03 19:32:05'),(11,7,'2025-08-03 19:32:10'),(11,7,'2025-08-03 19:35:44'),(11,7,'2025-08-03 19:35:46'),(11,7,'2025-08-03 19:35:48'),(12,7,'2025-08-03 22:47:31'),(13,7,'2025-08-04 00:19:22'),(13,7,'2025-08-04 00:19:33'),(13,7,'2025-08-04 00:19:38'),(13,7,'2025-08-04 00:35:59'),(13,7,'2025-08-04 00:36:52'),(13,7,'2025-08-04 00:36:56'),(13,7,'2025-08-04 00:36:57'),(14,7,'2025-08-04 00:56:10'),(14,7,'2025-08-04 00:56:15'),(14,7,'2025-08-04 00:56:19'),(14,7,'2025-08-04 00:56:38'),(14,7,'2025-08-04 01:34:25'),(14,7,'2025-08-04 01:54:48'),(14,7,'2025-08-04 01:54:52'),(14,7,'2025-08-04 01:55:48'),(14,7,'2025-08-04 02:04:30'),(14,7,'2025-08-04 06:48:58'),(14,7,'2025-08-04 09:12:55'),(14,7,'2025-08-04 21:38:12'),(15,7,'2025-08-04 19:23:25'),(17,7,'2025-08-05 04:56:23'),(17,7,'2025-08-05 12:14:39'),(18,7,'2025-08-05 05:37:54'),(21,7,'2025-08-05 12:00:27'),(24,7,'2025-08-05 13:26:20'),(31,7,'2025-08-09 21:33:37'),(5,11,'2025-08-05 04:18:10'),(17,11,'2025-08-05 12:14:38'),(17,11,'2025-08-05 12:14:50'),(18,11,'2025-08-05 04:02:38'),(18,11,'2025-08-05 05:20:11'),(18,11,'2025-08-05 05:22:55'),(18,11,'2025-08-08 19:58:10'),(19,11,'2025-08-05 04:31:51'),(19,11,'2025-08-05 04:32:05'),(19,11,'2025-08-05 04:32:29'),(19,11,'2025-08-05 04:33:21'),(19,11,'2025-08-05 04:33:24'),(19,11,'2025-08-05 04:33:26'),(1,12,'2025-08-05 23:08:33'),(1,12,'2025-08-08 20:19:14'),(1,12,'2025-08-09 05:10:02'),(5,12,'2025-08-05 04:17:08'),(5,12,'2025-08-05 04:17:18'),(5,12,'2025-08-05 04:17:55'),(5,12,'2025-08-05 04:18:25'),(5,12,'2025-08-05 04:18:32'),(18,12,'2025-08-05 04:05:29'),(18,12,'2025-08-05 05:10:13'),(18,12,'2025-08-05 05:10:18'),(18,12,'2025-08-05 05:20:13'),(18,12,'2025-08-05 05:22:45'),(18,12,'2025-08-05 05:22:52'),(18,12,'2025-08-05 12:10:19'),(18,12,'2025-08-08 19:58:06'),(18,12,'2025-08-08 19:59:08'),(20,12,'2025-08-05 05:51:41'),(20,12,'2025-08-05 05:51:44'),(25,12,'2025-08-05 13:30:10'),(1,13,'2025-08-05 04:21:40'),(5,13,'2025-08-05 04:17:27'),(5,13,'2025-08-05 04:17:57'),(5,13,'2025-08-05 04:18:08'),(17,13,'2025-08-05 04:48:57'),(18,13,'2025-08-05 04:13:31'),(19,13,'2025-08-05 04:31:59'),(27,13,'2025-08-05 23:00:52'),(1,14,'2025-08-05 05:46:47'),(17,14,'2025-08-05 04:52:11'),(17,14,'2025-08-05 04:56:32'),(18,14,'2025-08-05 04:37:06'),(18,14,'2025-08-08 19:58:18'),(18,14,'2025-08-08 19:58:23'),(27,14,'2025-08-05 22:33:59'),(27,14,'2025-08-05 22:34:10'),(31,14,'2025-08-09 21:49:23'),(1,15,'2025-08-05 23:09:17'),(17,15,'2025-08-05 04:56:30'),(18,15,'2025-08-05 04:41:34'),(18,15,'2025-08-05 05:05:41'),(18,15,'2025-08-05 05:07:59'),(18,15,'2025-08-05 05:22:50'),(18,15,'2025-08-08 19:57:56'),(23,15,'2025-08-05 13:10:15'),(23,15,'2025-08-05 13:10:25'),(1,16,'2025-08-05 13:39:02'),(1,16,'2025-08-05 23:08:39'),(1,16,'2025-08-05 23:09:06'),(1,16,'2025-08-09 05:10:15'),(17,16,'2025-08-05 04:48:25'),(18,16,'2025-08-05 04:45:53'),(18,16,'2025-08-05 04:46:57'),(18,16,'2025-08-05 04:47:38'),(18,16,'2025-08-05 05:04:56'),(18,16,'2025-08-05 05:13:20'),(18,16,'2025-08-08 19:58:15'),(18,16,'2025-08-08 20:00:08'),(20,16,'2025-08-05 05:51:56'),(27,16,'2025-08-05 22:38:38'),(27,16,'2025-08-05 22:38:53'),(27,16,'2025-08-05 22:38:55'),(27,16,'2025-08-05 22:38:58'),(27,16,'2025-08-05 22:39:01'),(27,16,'2025-08-05 22:39:03'),(27,16,'2025-08-05 22:39:06'),(27,16,'2025-08-05 22:39:08'),(27,16,'2025-08-05 22:58:04'),(27,16,'2025-08-05 22:59:57'),(27,16,'2025-08-05 23:00:01'),(31,16,'2025-08-09 21:59:01'),(1,17,'2025-08-05 13:33:41'),(18,17,'2025-08-08 20:00:12'),(27,17,'2025-08-05 23:00:48'),(31,20,'2025-08-09 22:17:16');
/*!40000 ALTER TABLE `publication_view` ENABLE KEYS */;
UNLOCK TABLES;

--
-- Table structure for table `topic`
--

DROP TABLE IF EXISTS `topic`;
/*!40101 SET @saved_cs_client     = @@character_set_client */;
/*!50503 SET character_set_client = utf8mb4 */;
CREATE TABLE `topic` (
  `topic_id` int NOT NULL AUTO_INCREMENT,
  `code` varchar(10) NOT NULL,
  `full_name` varchar(50) NOT NULL,
  PRIMARY KEY (`topic_id`),
  UNIQUE KEY `code` (`code`),
  UNIQUE KEY `full_name` (`full_name`),
  FULLTEXT KEY `ft_topic_fullname` (`full_name`)
) ENGINE=InnoDB AUTO_INCREMENT=49 DEFAULT CHARSET=utf8mb4 COLLATE=utf8mb4_0900_ai_ci;
/*!40101 SET character_set_client = @saved_cs_client */;

--
-- Dumping data for table `topic`
--

LOCK TABLES `topic` WRITE;
/*!40000 ALTER TABLE `topic` DISABLE KEYS */;
INSERT INTO `topic` VALUES (2,'NLP','Natural Language Processing'),(3,'CV','Computer Vision'),(4,'ML','Machine Learning'),(5,'DL','Deep Learning'),(6,'RL','Reinforcement Learning'),(7,'LLM','Large Language Models'),(8,'XAI','Explainable AI'),(9,'ETH','AI Ethics and Fairness'),(10,'KG','Knowledge Graphs'),(11,'IR','Information Retrieval'),(12,'EMB','Embeddings and Representations'),(13,'FSL','Few-Shot Learning'),(14,'MM','Multimodal Learning'),(15,'AGI','Artificial General Intelligence'),(16,'OPT','Optimization Methods'),(17,'GEN','Generative Models'),(18,'REC','Recommender Systems'),(19,'ASR','Speech Recognition'),(20,'VQA','Visual Question Answering'),(21,'MT','Machine Translation'),(22,'QA','Question Answering'),(23,'DATA','Data Quality and Labeling'),(24,'AV','Autonomous Vehicles'),(25,'AGT','AI Agents'),(26,'ROB','AI in Robotics'),(27,'BENCH','Benchmarks and Evaluation'),(28,'PLAN','Planning and Reasoning'),(29,'CTRL','Control and Dynamics'),(31,'SIM','Simulation Environments'),(32,'SYNTH','Synthetic Data Generation'),(33,'DM','Data Mining'),(34,'CSS','Computational Social Systems'),(35,'CAUS','Causality'),(36,'OS','Operating Systems'),(37,'AI','Artificial Intelligence'),(38,'PRIV','Security and Privacy'),(39,'GOV','AI Governance'),(40,'DAI','Distributed AI'),(41,'EX','Example Topic'),(42,'MA','Multiagent Systems'),(43,'CL','Computation and Language'),(44,'SY','Systems and Control'),(45,'IT','Information Theory'),(46,'SP','Signal Processing'),(47,'HEALTH','hasb');
/*!40000 ALTER TABLE `topic` ENABLE KEYS */;
UNLOCK TABLES;

--
-- Table structure for table `topic_affinity`
--

DROP TABLE IF EXISTS `topic_affinity`;
/*!40101 SET @saved_cs_client     = @@character_set_client */;
/*!50503 SET character_set_client = utf8mb4 */;
CREATE TABLE `topic_affinity` (
  `account_id` int NOT NULL,
  `topic_id` int NOT NULL,
  `score` double NOT NULL DEFAULT '0',
  `last_updated` datetime NOT NULL DEFAULT CURRENT_TIMESTAMP ON UPDATE CURRENT_TIMESTAMP,
  PRIMARY KEY (`account_id`,`topic_id`),
  KEY `topic_id` (`topic_id`),
  CONSTRAINT `topic_affinity_ibfk_1` FOREIGN KEY (`account_id`) REFERENCES `account` (`account_id`) ON DELETE CASCADE,
  CONSTRAINT `topic_affinity_ibfk_2` FOREIGN KEY (`topic_id`) REFERENCES `topic` (`topic_id`) ON DELETE CASCADE
) ENGINE=InnoDB DEFAULT CHARSET=utf8mb4 COLLATE=utf8mb4_0900_ai_ci;
/*!40101 SET character_set_client = @saved_cs_client */;

--
-- Dumping data for table `topic_affinity`
--

LOCK TABLES `topic_affinity` WRITE;
/*!40000 ALTER TABLE `topic_affinity` DISABLE KEYS */;
INSERT INTO `topic_affinity` VALUES (1,2,4.8609959101166975,'2025-08-09 22:27:29'),(1,4,11.189179501958465,'2025-08-09 22:27:29'),(1,7,13.734542878150915,'2025-08-09 22:27:29'),(1,21,4.8609959101166975,'2025-08-09 22:27:29'),(1,24,5.8950383300340325,'2025-08-09 22:27:29'),(1,25,13.734542878150915,'2025-08-09 22:27:29'),(1,33,9.065708671331395,'2025-08-09 22:27:29'),(1,34,9.28629204170083,'2025-08-09 22:27:29'),(1,36,10.473387773199256,'2025-08-09 22:27:29'),(1,37,5.820572735860904,'2025-08-09 22:27:29'),(1,38,12.64009557643064,'2025-08-09 22:27:29'),(1,39,12.64009557643064,'2025-08-09 22:27:29'),(1,40,12.64009557643064,'2025-08-09 22:27:29'),(1,45,2.0179347866728956,'2025-08-09 22:27:29'),(1,46,2.0179347866728956,'2025-08-09 22:27:29'),(5,3,3,'2025-08-05 04:18:32'),(5,4,3.320590194357462,'2025-08-05 04:18:48'),(5,24,0.36327628280455104,'2025-08-05 04:16:53'),(5,33,3.320590194357462,'2025-08-05 04:18:48'),(5,34,4.820590194357462,'2025-08-05 04:18:48'),(5,36,2.4617705830723855,'2025-08-05 04:17:47'),(5,37,3.9617705830723855,'2025-08-05 04:18:08'),(5,38,1.6411803887149237,'2025-08-05 04:18:03'),(5,39,1.6411803887149237,'2025-08-05 04:18:03'),(5,40,1.6411803887149237,'2025-08-05 04:18:03'),(5,43,1.5,'2025-08-05 04:18:08'),(10,4,0.5,'2025-08-03 17:25:22'),(10,33,0.5,'2025-08-03 17:25:22'),(10,34,0.5,'2025-08-03 17:25:22'),(11,4,1,'2025-08-03 19:34:19'),(11,25,0.5,'2025-08-03 19:32:15'),(11,33,1,'2025-08-03 19:34:19'),(11,34,1,'2025-08-03 19:34:19'),(11,36,1,'2025-08-03 19:34:18'),(11,37,1,'2025-08-03 19:34:18'),(11,38,2.5,'2025-08-03 19:35:48'),(11,39,2.5,'2025-08-03 19:35:48'),(11,40,2.5,'2025-08-03 19:35:48'),(12,4,0.5,'2025-08-03 22:47:29'),(12,33,0.5,'2025-08-03 22:47:29'),(12,34,0.5,'2025-08-03 22:47:29'),(12,36,0.5,'2025-08-03 22:47:27'),(12,37,0.5,'2025-08-03 22:47:27'),(12,38,0.5,'2025-08-03 22:47:31'),(12,39,0.5,'2025-08-03 22:47:31'),(12,40,0.5,'2025-08-03 22:47:31'),(13,4,7.5,'2025-08-04 00:41:59'),(13,24,3.5,'2025-08-04 00:41:59'),(13,33,7.5,'2025-08-04 00:41:59'),(13,34,7.5,'2025-08-04 00:41:59'),(13,36,5,'2025-08-04 00:42:02'),(13,37,5,'2025-08-04 00:42:02'),(13,38,6.5,'2025-08-04 00:41:59'),(13,39,6.5,'2025-08-04 00:41:59'),(13,40,6.5,'2025-08-04 00:41:59'),(14,4,3.4557254531396597,'2025-08-04 21:38:18'),(14,24,6.128040897565766,'2025-08-04 21:38:14'),(14,25,10.367410110793056,'2025-08-04 21:38:00'),(14,33,3.4557254531396597,'2025-08-04 21:38:18'),(14,34,3.4557254531396597,'2025-08-04 21:38:18'),(14,36,1.9540617404307303,'2025-08-04 21:36:03'),(14,37,1.9540617404307303,'2025-08-04 21:36:03'),(14,38,7.068844020455944,'2025-08-04 21:38:12'),(14,39,7.068844020455944,'2025-08-04 21:38:12'),(14,40,7.068844020455944,'2025-08-04 21:38:12'),(15,38,0.5,'2025-08-04 19:23:25'),(15,39,0.5,'2025-08-04 19:23:25'),(15,40,0.5,'2025-08-04 19:23:25'),(16,25,4,'2025-08-04 19:28:04'),(17,2,0.10408039760904288,'2025-08-09 22:07:37'),(17,3,2.0186285273873197,'2025-08-09 22:07:37'),(17,4,5.7743361986136295,'2025-08-09 22:07:37'),(17,21,0.10408039760904288,'2025-08-09 22:07:37'),(17,33,1.890085267001529,'2025-08-09 22:07:37'),(17,34,1.9941656646105717,'2025-08-09 22:07:37'),(17,35,1.9941656646105717,'2025-08-09 22:07:37'),(17,36,0.3011630279149519,'2025-08-09 22:07:37'),(17,37,2.2953286925255236,'2025-08-09 22:07:37'),(17,38,0.22039222660645985,'2025-08-09 22:07:37'),(17,39,0.22039222660645985,'2025-08-09 22:07:37'),(17,40,0.22039222660645985,'2025-08-09 22:07:37'),(17,43,0.10408039760904288,'2025-08-09 22:07:37'),(17,45,1.890085267001529,'2025-08-09 22:07:37'),(17,46,1.890085267001529,'2025-08-09 22:07:37'),(18,2,2.4976509274553855,'2025-08-08 20:00:08'),(18,3,6.043923787328488,'2025-08-08 19:59:08'),(18,4,5.213460619373026,'2025-08-08 19:58:23'),(18,21,2.4976509274553855,'2025-08-08 20:00:08'),(18,24,0.2987234991389904,'2025-08-08 19:57:43'),(18,25,5.892456382116862,'2025-08-08 20:00:41'),(18,26,0.5,'2025-08-08 20:00:12'),(18,33,2.213720951660556,'2025-08-08 19:57:43'),(18,34,2.863068296354678,'2025-08-08 20:00:12'),(18,35,1.5,'2025-08-08 20:00:12'),(18,36,2.6490870124065915,'2025-08-08 20:00:08'),(18,37,1.4501307743394494,'2025-08-08 19:58:23'),(18,38,0.9859286126667093,'2025-08-08 19:57:43'),(18,39,0.9859286126667093,'2025-08-08 19:57:43'),(18,40,0.9859286126667093,'2025-08-08 19:57:43'),(18,45,1.8503923230183483,'2025-08-08 19:57:56'),(18,46,1.8503923230183483,'2025-08-08 19:57:56'),(19,3,3,'2025-08-05 04:33:26'),(19,24,2.5,'2025-08-05 04:33:00'),(19,34,0.5,'2025-08-05 04:33:00'),(19,37,0.5,'2025-08-05 04:33:00'),(19,43,0.5,'2025-08-05 04:33:00'),(20,2,0.5,'2025-08-05 05:51:56'),(20,3,1,'2025-08-05 05:51:44'),(20,21,0.5,'2025-08-05 05:51:56'),(20,25,0.5,'2025-08-05 05:51:59'),(20,36,0.5,'2025-08-05 05:51:56'),(21,38,3.5,'2025-08-05 12:00:38'),(21,39,3.5,'2025-08-05 12:00:38'),(21,40,3.5,'2025-08-05 12:00:38'),(23,3,2.5,'2025-08-05 13:09:59'),(23,4,4,'2025-08-05 13:10:25'),(23,34,2.5,'2025-08-05 13:10:35'),(23,37,2.5,'2025-08-05 13:10:35'),(23,43,2.5,'2025-08-05 13:10:35'),(23,45,4,'2025-08-05 13:10:25'),(23,46,4,'2025-08-05 13:10:25'),(24,25,3.5,'2025-08-05 13:26:09'),(24,38,3.5,'2025-08-05 13:26:22'),(24,39,3.5,'2025-08-05 13:26:22'),(24,40,3.5,'2025-08-05 13:26:22'),(25,3,3,'2025-08-05 13:30:10'),(25,25,0.5,'2025-08-05 13:30:36'),(27,2,11,'2025-08-05 23:00:10'),(27,3,2.5,'2025-08-05 23:00:10'),(27,4,9,'2025-08-05 23:00:57'),(27,21,11,'2025-08-05 23:00:10'),(27,26,6,'2025-08-05 23:00:50'),(27,33,2.5,'2025-08-05 23:00:57'),(27,34,14.5,'2025-08-05 23:00:57'),(27,35,12.5,'2025-08-05 23:00:50'),(27,36,17,'2025-08-05 23:00:46'),(27,37,18.5,'2025-08-05 23:00:54'),(27,43,6,'2025-08-05 23:00:54'),(28,4,2.5,'2025-08-08 20:33:48'),(28,24,0.5,'2025-08-08 20:34:33'),(28,26,2.5,'2025-08-08 20:32:56'),(28,34,2.5,'2025-08-08 20:32:56'),(28,35,5,'2025-08-08 20:33:48'),(28,37,2.5,'2025-08-08 20:33:48'),(29,2,5,'2025-08-09 05:13:09'),(29,4,2.5,'2025-08-09 05:11:09'),(29,21,5,'2025-08-09 05:13:09'),(29,36,5,'2025-08-09 05:13:09'),(29,45,2.5,'2025-08-09 05:11:09'),(29,46,2.5,'2025-08-09 05:11:09'),(30,4,3,'2025-08-09 19:27:42'),(30,33,3,'2025-08-09 19:27:42'),(30,34,3,'2025-08-09 19:27:42'),(31,2,3.5,'2025-08-09 22:08:54'),(31,3,2.5,'2025-08-09 22:08:54'),(31,4,6,'2025-08-09 22:08:54'),(31,10,3,'2025-08-09 22:25:01'),(31,21,3.5,'2025-08-09 22:08:54'),(31,24,2.5,'2025-08-09 22:25:02'),(31,35,6,'2025-08-09 22:08:54'),(31,36,3.5,'2025-08-09 22:08:54'),(31,37,6,'2025-08-09 22:08:54'),(31,38,3,'2025-08-09 22:25:02'),(31,39,3,'2025-08-09 22:25:02'),(31,40,3,'2025-08-09 22:25:02'),(31,43,3,'2025-08-09 22:25:01'),(31,45,3,'2025-08-09 22:25:01');
/*!40000 ALTER TABLE `topic_affinity` ENABLE KEYS */;
UNLOCK TABLES;
/*!40103 SET TIME_ZONE=@OLD_TIME_ZONE */;

/*!40101 SET SQL_MODE=@OLD_SQL_MODE */;
/*!40014 SET FOREIGN_KEY_CHECKS=@OLD_FOREIGN_KEY_CHECKS */;
/*!40014 SET UNIQUE_CHECKS=@OLD_UNIQUE_CHECKS */;
/*!40101 SET CHARACTER_SET_CLIENT=@OLD_CHARACTER_SET_CLIENT */;
/*!40101 SET CHARACTER_SET_RESULTS=@OLD_CHARACTER_SET_RESULTS */;
/*!40101 SET COLLATION_CONNECTION=@OLD_COLLATION_CONNECTION */;
/*!40111 SET SQL_NOTES=@OLD_SQL_NOTES */;

-- Dump completed on 2025-08-09 22:40:59
